AD,Andorra la Vella
AD,les Escaldes
AE,Abu Dhabi
AE,Adh Dhayd
AE,Ajman
AE,Al Ain
AE,Al Fujayrah
AE,Ar Ruways
AE,Dibba Al-Fujairah
AE,Dibba Al-Hisn
AE,Dubai
AE,Khawr Fakkan
AE,Ras al-Khaimah
AE,Sharjah
AE,Umm al Qaywayn
AF,Aibak
AF,Andkhoy
AF,Art Khwajah
AF,Asadabad
AF,Asmar
AF,Baghlan
AF,Balkh
AF,Bamyan
AF,Baraki Barak
AF,Bazarak
AF,Charikar
AF,Cool urhajo
AF,Farah
AF,Fayzabad
AF,Gardez
AF,Gereshk
AF,Ghazni
AF,Ghormach
AF,Herat
AF,Jabal os Saraj
AF,Jalalabad
AF,Kabul
AF,Kafir Qala
AF,Kandahar
AF,Karukh
AF,Khanabad
AF,Khash
AF,Khost
AF,Khulm
AF,Kunduz
AF,Kushk
AF,Lashkar Gah
AF,Markaz-e Woluswali-ye Achin
AF,Maymana
AF,Mazar-e Sharif
AF,Mehtar Lam
AF,Nahrin
AF,Paghman
AF,Pul-e Khumri
AF,Qarawul
AF,Qarqin
AF,Rustaq
AF,Sang-e Charak
AF,Sar-e Pul
AF,Shahrak
AF,Shibirghan
AF,Shindand
AF,Taloqan
AF,Zaranj
AG,Saint John's
AI,The Valley
AL,Berat
AL,Burrel
AL,Durres
AL,Elbasan
AL,Fier
AL,Fier-Cifci
AL,Gjirokaster
AL,Kavaje
AL,Korce
AL,Kruje
AL,Kucove
AL,Kukes
AL,Lac
AL,Lezhe
AL,Lushnje
AL,Patos Fshat
AL,Sarande
AL,Shkoder
AL,Tirana
AL,Vlore
AM,Abovyan
AM,Ararat
AM,Armavir
AM,Artashat
AM,Ashtarak
AM,Ejmiatsin
AM,Gavarr
AM,Goris
AM,Gyumri
AM,Hats'avan
AM,Hrazdan
AM,Kapan
AM,Masis
AM,Sevan
AM,Spitak
AM,Vanadzor
AM,Yerevan
AO,Benguela
AO,Caala
AO,Cabinda
AO,Caluquembe
AO,Camacupa
AO,Catabola
AO,Catumbela
AO,Caxito
AO,Cuito
AO,Huambo
AO,Lobito
AO,Longonjo
AO,Luanda
AO,Luau
AO,Lubango
AO,Lucapa
AO,Luena
AO,Malanje
AO,Mbanza Congo
AO,Menongue
AO,N'dalatando
AO,Namibe
AO,Nzeto
AO,Saurimo
AO,Soio
AO,Sumbe
AO,Uige
AR,Bahia Blanca
AR,Buenos Aires
AR,Campana
AR,Chimbas
AR,Cipolletti
AR,Comodoro Rivadavia
AR,Concepcion del Uruguay
AR,Concordia
AR,Cordoba
AR,Corrientes
AR,Formosa
AR,General Roca
AR,Gobernador Galvez
AR,Goya
AR,Gualeguaychu
AR,Junin
AR,La Plata
AR,La Rioja
AR,Lujan
AR,Mar del Plata
AR,Mendoza
AR,Moron
AR,Necochea
AR,Neuquen
AR,Olavarria
AR,Parana
AR,Pergamino
AR,Posadas
AR,Presidencia Roque Saenz Pena
AR,Puerto Madryn
AR,Quilmes
AR,Rafaela
AR,Reconquista
AR,Resistencia
AR,Rio Cuarto
AR,Rio Gallegos
AR,Rosario
AR,Salta
AR,San Carlos de Bariloche
AR,San Fernando del Valle de Catamarca
AR,San Juan
AR,San Luis
AR,San Martin
AR,San Miguel de Tucuman
AR,San Nicolas de los Arroyos
AR,San Rafael
AR,San Ramon de la Nueva Oran
AR,San Salvador de Jujuy
AR,Santa Fe de la Vera Cruz
AR,Santa Rosa
AR,Santiago del Estero
AR,Tandil
AR,Trelew
AR,Venado Tuerto
AR,Villa Carlos Paz
AR,Villa Lugano
AR,Villa Maria
AR,Villa Mercedes
AR,Zarate
AS,Pago Pago
AT,Amstetten
AT,Ansfelden
AT,Baden
AT,Braunau am Inn
AT,Bregenz
AT,Dornbirn
AT,Feldkirch
AT,Graz
AT,Hallein
AT,Innsbruck
AT,Kapfenberg
AT,Klagenfurt am Woerthersee
AT,Klosterneuburg
AT,Krems an der Donau
AT,Kufstein
AT,Leoben
AT,Leonding
AT,Linz
AT,Lustenau
AT,Modling
AT,Saalfelden am Steinernen Meer
AT,Salzburg
AT,Sankt Poelten
AT,Schwechat
AT,Spittal an der Drau
AT,Steyr
AT,Ternitz
AT,Traiskirchen
AT,Traun
AT,Vienna
AT,Villach
AT,Weinzierl bei Krems
AT,Wels
AT,Wiener Neustadt
AT,Wolfsberg
AU,Adelaide
AU,Adelaide Hills
AU,Albury
AU,Armadale
AU,Ballarat
AU,Bendigo
AU,Berwick
AU,Brisbane
AU,Bunbury
AU,Bundaberg
AU,Cairns
AU,Canberra
AU,Darwin
AU,Geelong
AU,Gold Coast
AU,Hobart
AU,Launceston
AU,Logan City
AU,Mackay
AU,Maitland
AU,Mandurah
AU,Melbourne
AU,Newcastle
AU,Perth
AU,Reservoir
AU,Rockhampton
AU,Rockingham
AU,South Brisbane
AU,Sydney
AU,Tamworth
AU,Toowoomba
AU,Townsville
AU,Wagga Wagga
AU,Wollongong
AW,Angochi
AW,Babijn
AW,Oranjestad
AX,Mariehamn
AZ,Agdam
AZ,Agdas
AZ,Agdzhabedy
AZ,Aghsu
AZ,Ahmadbayli
AZ,Amirdzhan
AZ,Astara
AZ,Bakixanov
AZ,Baku
AZ,Barda
AZ,Beylagan
AZ,Bilajari
AZ,Biny Selo
AZ,Buzovna
AZ,Divichibazar
AZ,Dzhalilabad
AZ,Fizuli
AZ,Ganja
AZ,Geoktschai
AZ,Haci Zeynalabdin
AZ,Haciqabul
AZ,Hovsan
AZ,Imishli
AZ,Khirdalan
AZ,Kyurdarmir
AZ,Lankaran
AZ,Lokbatan
AZ,Mardakyany
AZ,Mastaga
AZ,Mingelchaur
AZ,Nakhchivan
AZ,Neftcala
AZ,Pushkino
AZ,Qaracuxur
AZ,Qazax
AZ,Quba
AZ,Qusar
AZ,Saatli
AZ,Sabirabad
AZ,Sabuncu
AZ,Salyan
AZ,Shamakhi
AZ,Shamkhor
AZ,Sheki
AZ,Shushi
AZ,Sirvan
AZ,Sumqayit
AZ,Terter
AZ,Ujar
AZ,Xacmaz
AZ,Xankandi
AZ,Yelenendorf
AZ,Yeni Suraxani
AZ,Yevlakh
AZ,Zabrat
AZ,Zaqatala
BA,Banja Luka
BA,Bihac
BA,Bijeljina
BA,Bosanska Krupa
BA,Brcko
BA,Bugojno
BA,Cazin
BA,Doboj
BA,Gorazde
BA,Gracanica
BA,Gradacac
BA,Konjic
BA,Mostar
BA,Prijedor
BA,Sarajevo
BA,Travnik
BA,Trebinje
BA,Tuzla
BA,Velika Kladusa
BA,Visoko
BA,Zenica
BB,Bridgetown
BD,Azimpur
BD,Barisal
BD,Bhairab Bazar
BD,Bhola
BD,Bogra
BD,Chittagong
BD,Comilla
BD,Cox's Bazar
BD,Dhaka
BD,Dinajpur
BD,Faridpur
BD,Feni
BD,Habiganj
BD,Ishurdi
BD,Jamalpur
BD,Jessore
BD,Joypur Hat
BD,Khagrachhari
BD,Khulna
BD,Kishorganj
BD,Kushtia
BD,Laksham
BD,Lakshmipur
BD,Lalmanirhat
BD,Madaripur
BD,Maulavi Bazar
BD,Mymensingh
BD,Nagarpur
BD,Narail
BD,Narayanganj
BD,Narsingdi
BD,Nawabganj
BD,Netrakona
BD,Pabna
BD,Palang
BD,Paltan
BD,Par Naogaon
BD,Patiya
BD,Pirojpur
BD,Raipur
BD,Rajshahi
BD,Ramganj
BD,Rangpur
BD,Saidpur
BD,Sandwip
BD,Sarishabari
BD,Satkania
BD,Satkhira
BD,Shahzadpur
BD,Sherpur
BD,Sirajganj
BD,Sylhet
BD,Tangail
BD,Thakurgaon
BD,Tungi
BD,Tungipara
BE,Aalst
BE,Aalter
BE,Aarschot
BE,Andenne
BE,Ans
BE,Antwerpen
BE,Arlon
BE,Asse
BE,Ath
BE,Balen
BE,Beerse
BE,Beersel
BE,Beringen
BE,Beveren
BE,Bilzen
BE,Binche
BE,Blankenberge
BE,Boom
BE,Bornem
BE,Boussu
BE,Braine-l'Alleud
BE,Braine-le-Comte
BE,Brasschaat
BE,Brecht
BE,Brugge
BE,Brussels
BE,Charleroi
BE,Chatelet
BE,Chaudfontaine
BE,Colfontaine
BE,Courcelles
BE,Deinze
BE,Denderleeuw
BE,Dendermonde
BE,Destelbergen
BE,Diepenbeek
BE,Diest
BE,Diksmuide
BE,Dilbeek
BE,Dour
BE,Duffel
BE,Edegem
BE,Eeklo
BE,Essen
BE,Eupen
BE,Evergem
BE,Flemalle-Haute
BE,Fleron
BE,Fleurus
BE,Frameries
BE,Geel
BE,Gembloux
BE,Genk
BE,Gent
BE,Geraardsbergen
BE,Grimbergen
BE,Haaltert
BE,Halle
BE,Hamme
BE,Harelbeke
BE,Hasselt
BE,Heist-op-den-Berg
BE,Helchteren
BE,Herent
BE,Herentals
BE,Herstal
BE,Herve
BE,Herzele
BE,Heusden
BE,Hoboken
BE,Hoogstraten
BE,Houthalen
BE,Huy
BE,Ieper
BE,Izegem
BE,Kalmthout
BE,Kapellen
BE,Kasterlee
BE,Knokke-Heist
BE,Koksijde
BE,Kontich
BE,Kortenberg
BE,Kortrijk
BE,La Louviere
BE,Lanaken
BE,Lebbeke
BE,Lede
BE,Lessines
BE,Leuven
BE,Liege
BE,Lier
BE,Lille
BE,Lochristi
BE,Lokeren
BE,Lommel
BE,Londerzeel
BE,Louvain-la-Neuve
BE,Maaseik
BE,Maasmechelen
BE,Maldegem
BE,Manage
BE,Marche-en-Famenne
BE,Mechelen
BE,Meise
BE,Menen
BE,Merelbeke
BE,Middelkerke
BE,Mol
BE,Mons
BE,Morlanwelz-Mariemont
BE,Mortsel
BE,Mouscron
BE,Namur
BE,Neerpelt
BE,Nijlen
BE,Ninove
BE,Nivelles
BE,Oostkamp
BE,Ostend
BE,Oudenaarde
BE,Oupeye
BE,Overijse
BE,Peer
BE,Peruwelz
BE,Pont-a-Celles
BE,Poperinge
BE,Putte
BE,Puurs
BE,Quaregnon
BE,Ranst
BE,Riemst
BE,Rixensart
BE,Roeselare
BE,Ronse
BE,Rotselaar
BE,Saint-Ghislain
BE,Saint-Nicolas
BE,Schilde
BE,Schoten
BE,Seraing
BE,Sint-Genesius-Rode
BE,Sint-Gillis-Waas
BE,Sint-Katelijne-Waver
BE,Sint-Kruis
BE,Sint-Niklaas
BE,Sint-Pieters-Leeuw
BE,Sint-Truiden
BE,Soignies
BE,Soumagne
BE,Stabroek
BE,Stekene
BE,Temse
BE,Tervuren
BE,Tessenderlo
BE,Tielt
BE,Tienen
BE,Tongeren
BE,Torhout
BE,Tournai
BE,Tubize
BE,Turnhout
BE,Verviers
BE,Vilvoorde
BE,Vise
BE,Walcourt
BE,Waregem
BE,Waterloo
BE,Wavre
BE,Wervik
BE,Westerlo
BE,Wetteren
BE,Wevelgem
BE,Willebroek
BE,Wuustwezel
BE,Zaventem
BE,Zedelgem
BE,Zele
BE,Zemst
BE,Zoersel
BE,Zonhoven
BE,Zottegem
BE,Zwevegem
BE,Zwijndrecht
BF,Banfora
BF,Bobo-Dioulasso
BF,Boulsa
BF,Bousse
BF,Dedougou
BF,Diapaga
BF,Djibo
BF,Dori
BF,Fada N'gourma
BF,Gaoua
BF,Garango
BF,Gourcy
BF,Hounde
BF,Kaya
BF,Kokologo
BF,Kombissiri
BF,Kongoussi
BF,Koudougou
BF,Koupela
BF,Leo
BF,Manga
BF,Nouna
BF,Orodara
BF,Ouagadougou
BF,Ouahigouya
BF,Po
BF,Reo
BF,Tenkodogo
BF,Titao
BF,Tougan
BF,Yako
BF,Zorgo
BG,Asenovgrad
BG,Aytos
BG,Berkovitsa
BG,Blagoevgrad
BG,Botevgrad
BG,Burgas
BG,Cherven Bryag
BG,Chirpan
BG,Dimitrovgrad
BG,Dobrich
BG,Dupnitsa
BG,Gabrovo
BG,Gorna Oryakhovitsa
BG,Gotse Delchev
BG,Haskovo
BG,Karlovo
BG,Karnobat
BG,Kazanluk
BG,Kharmanli
BG,Kurdzhali
BG,Kyustendil
BG,Lom
BG,Lovech
BG,Montana
BG,Nova Zagora
BG,Panagyurishte
BG,Pazardzhik
BG,Pernik
BG,Peshtera
BG,Petrich
BG,Pleven
BG,Plovdiv
BG,Popovo
BG,Rakovski
BG,Razgrad
BG,Ruse
BG,Samokov
BG,Sandanski
BG,Sevlievo
BG,Shumen
BG,Silistra
BG,Sliven
BG,Smolyan
BG,Sofia
BG,Stara Zagora
BG,Svilengrad
BG,Svishtov
BG,Targovishte
BG,Troyan
BG,Varna
BG,Veliko Turnovo
BG,Velingrad
BG,Vidin
BG,Vratsa
BG,Yambol
BH,Al Muharraq
BH,Ar Rifa'
BH,Dar Kulayb
BH,Jidd Hafs
BH,Madinat `Isa
BH,Madinat Hamad
BH,Manama
BH,Sitrah
BI,Bujumbura
BI,Bururi
BI,Gitega
BI,Kayanza
BI,Makamba
BI,Muramvya
BI,Muyinga
BI,Ngozi
BI,Rutana
BI,Ruyigi
BJ,Abomey
BJ,Abomey-Calavi
BJ,Allada
BJ,Aplahoue
BJ,Banikoara
BJ,Bassila
BJ,Bembereke
BJ,Bohicon
BJ,Come
BJ,Cotonou
BJ,Cove
BJ,Dassa-Zoume
BJ,Djougou
BJ,Dogbo
BJ,Kandi
BJ,Ketou
BJ,Lokossa
BJ,Malanville
BJ,Natitingou
BJ,Nikki
BJ,Ouidah
BJ,Parakou
BJ,Pobe
BJ,Porto-Novo
BJ,Sakete
BJ,Savalou
BJ,Save
BJ,Tanguieta
BJ,Tchaourou
BL,Gustavia
BM,Hamilton
BN,Bandar Seri Begawan
BN,Kuala Belait
BN,Seria
BN,Tutong
BO,Camiri
BO,Cobija
BO,Cochabamba
BO,Cotoca
BO,Guayaramerin
BO,Huanuni
BO,La Paz
BO,Llallagua
BO,Mizque
BO,Montero
BO,Oruro
BO,Potosi
BO,Punata
BO,Riberalta
BO,San Borja
BO,San Ignacio de Velasco
BO,Santa Cruz de la Sierra
BO,Santiago del Torno
BO,Sucre
BO,Tarija
BO,Trinidad
BO,Tupiza
BO,Villa Yapacani
BO,Villamontes
BO,Villazon
BO,Warnes
BO,Yacuiba
BQ,Kralendijk
BR,Ananindeua
BR,Anapolis
BR,Aparecida de Goiania
BR,Aracaju
BR,Barueri
BR,Bauru
BR,Belem
BR,Belford Roxo
BR,Belo Horizonte
BR,Betim
BR,Blumenau
BR,Brasilia
BR,Campina Grande
BR,Campinas
BR,Campo Grande
BR,Campos
BR,Canoas
BR,Carapicuiba
BR,Cascavel
BR,Caucaia
BR,Caxias do Sul
BR,Contagem
BR,Cuiaba
BR,Curitiba
BR,Diadema
BR,Duque de Caxias
BR,Feira de Santana
BR,Florianopolis
BR,Fortaleza
BR,Foz do Iguacu
BR,Franca
BR,Goiania
BR,Governador Valadares
BR,Guaruja
BR,Guarulhos
BR,Itaquaquecetuba
BR,Jaboatao
BR,Jaboatao dos Guararapes
BR,Joao Pessoa
BR,Joinville
BR,Juiz de Fora
BR,Jundiai
BR,Limeira
BR,Londrina
BR,Macapa
BR,Maceio
BR,Manaus
BR,Maringa
BR,Maua
BR,Mogi das Cruzes
BR,Montes Claros
BR,Natal
BR,Niteroi
BR,Nova Iguacu
BR,Novo Hamburgo
BR,Olinda
BR,Osasco
BR,Paulista
BR,Pelotas
BR,Petropolis
BR,Piracicaba
BR,Ponta Grossa
BR,Porto Alegre
BR,Porto Velho
BR,Recife
BR,Ribeirao das Neves
BR,Ribeirao Preto
BR,Rio Branco
BR,Rio de Janeiro
BR,Salvador
BR,Santo Andre
BR,Santos
BR,Sao Bernardo do Campo
BR,Sao Joao de Meriti
BR,Sao Jose do Rio Preto
BR,Sao Jose dos Campos
BR,Sao Luis
BR,Sao Paulo
BR,Sao Vicente
BR,Serra
BR,Sorocaba
BR,Suzano
BR,Taubate
BR,Teresina
BR,Uberaba
BR,Uberlandia
BR,Viamao
BR,Vila Velha
BR,Vitoria
BR,Vitoria da Conquista
BS,Freeport
BS,Lucaya
BS,Nassau
BT,Phuntsholing
BT,Punakha
BT,Thimphu
BT,Tsirang
BW,Francistown
BW,Gaborone
BW,Janeng
BW,Kanye
BW,Letlhakane
BW,Lobatse
BW,Mahalapye
BW,Maun
BW,Mochudi
BW,Mogoditshane
BW,Molepolole
BW,Mosopa
BW,Palapye
BW,Ramotswa
BW,Selebi-Phikwe
BW,Serowe
BW,Thamaga
BW,Tonota
BY,Asipovichy
BY,Babruysk
BY,Baranovichi
BY,Brest
BY,Byaroza
BY,Bykhaw
BY,Dobrush
BY,Dzyarzhynsk
BY,Gomel
BY,Hlybokaye
BY,Horad Barysaw
BY,Horad Zhodzina
BY,Horki
BY,Hrodna
BY,Ivatsevichy
BY,Kalinkavichy
BY,Kalodzishchy
BY,Kobryn
BY,Krychaw
BY,Lida
BY,Luninyets
BY,Lyepyel'
BY,Mahilyow
BY,Maladzyechna
BY,Malinovka
BY,Mar''ina Horka
BY,Masty
BY,Mazyr
BY,Minsk
BY,Navahrudak
BY,Navapolatsk
BY,Novoye Medvezhino
BY,Orsha
BY,Pastavy
BY,Pinsk
BY,Polatsk
BY,Pruzhany
BY,Rahachow
BY,Rechytsa
BY,Salihorsk
BY,Shchuchin
BY,Slonim
BY,Slutsk
BY,Smarhon'
BY,Stowbtsy
BY,Svyetlahorsk
BY,Vawkavysk
BY,Vilyeyka
BY,Vitebsk
BY,Zhlobin
BZ,Belize City
BZ,Belmopan
BZ,Orange Walk
BZ,San Ignacio
CA,Abbotsford
CA,Ajax
CA,Anmore
CA,Barrie
CA,Brampton
CA,Brantford
CA,Brossard
CA,Burlington
CA,Burnaby
CA,Calgary
CA,Cambridge
CA,Chilliwack
CA,Coquitlam
CA,Dartmouth
CA,Delta
CA,Drummondville
CA,Edmonton
CA,Etobicoke
CA,Fort McMurray
CA,Gatineau
CA,Greater Sudbury
CA,Guelph
CA,Halifax
CA,Hamilton
CA,Kamloops
CA,Kelowna
CA,Kingston
CA,Kitchener
CA,Ladner
CA,Langley
CA,Laval
CA,Lethbridge
CA,Levis
CA,London
CA,Longueuil
CA,Maple Ridge
CA,Markham
CA,Medicine Hat
CA,Milton
CA,Mississauga
CA,Moncton
CA,Montreal
CA,Nanaimo
CA,New Westminster
CA,Newmarket
CA,Niagara Falls
CA,Norfolk County
CA,North York
CA,Oakville
CA,Okanagan
CA,Oshawa
CA,Ottawa
CA,Peterborough
CA,Pickering
CA,Prince George
CA,Quebec
CA,Red Deer
CA,Regina
CA,Repentigny
CA,Richmond
CA,Richmond Hill
CA,Saguenay
CA,Saint John
CA,Saint-Jean-sur-Richelieu
CA,Saint-Laurent
CA,Saint-Leonard
CA,Sarnia
CA,Saskatoon
CA,Sault Ste. Marie
CA,Scarborough
CA,Sherbrooke
CA,St. Albert
CA,St. Catharines
CA,St. John's
CA,Surrey
CA,Sydney
CA,Terrebonne
CA,Thunder Bay
CA,Toronto
CA,Trois-Rivieres
CA,Vancouver
CA,Vaughan
CA,Victoria
CA,Waterloo
CA,White Rock
CA,Willowdale
CA,Windsor
CA,Winnipeg
CC,West Island
CD,Aketi
CD,Bandundu
CD,Basoko
CD,Beni
CD,Bukama
CD,Bukavu
CD,Bulungu
CD,Bumba
CD,Bunia
CD,Buta
CD,Butembo
CD,Gandajika
CD,Gbadolite
CD,Gemena
CD,Goma
CD,Ilebo
CD,Inongo
CD,Isiro
CD,Kabare
CD,Kabinda
CD,Kalemie
CD,Kambove
CD,Kamina
CD,Kampene
CD,Kananga
CD,Kasongo
CD,Kikwit
CD,Kindu
CD,Kinshasa
CD,Kipushi
CD,Kisangani
CD,Kolwezi
CD,Likasi
CD,Lisala
CD,Lodja
CD,Lubao
CD,Lubumbashi
CD,Luebo
CD,Lusambo
CD,Mangai
CD,Masina
CD,Matadi
CD,Mbandaka
CD,Mbanza-Ngungu
CD,Mbuji-Mayi
CD,Mweka
CD,Mwene-Ditu
CD,Nioki
CD,Tshela
CD,Tshikapa
CD,Uvira
CD,Yangambi
CF,Bambari
CF,Bangassou
CF,Bangui
CF,Batangafo
CF,Berberati
CF,Bimbo
CF,Boda
CF,Bossangoa
CF,Bouar
CF,Bozoum
CF,Bria
CF,Carnot
CF,Damara
CF,Ippy
CF,Kaga Bandoro
CF,Mbaiki
CF,Mobaye
CF,Nola
CF,Paoua
CF,Sibut
CG,Brazzaville
CG,Dolisie
CG,Gamboma
CG,Impfondo
CG,Kayes
CG,Loandjili
CG,Madingou
CG,Mossendjo
CG,Ouesso
CG,Owando
CG,Pointe-Noire
CG,Sibiti
CH,Aarau
CH,Adliswil
CH,Allschwil
CH,Aussersihl
CH,Baar
CH,Baden
CH,Basel
CH,Bellinzona
CH,Bern
CH,Biel/Bienne
CH,Carouge
CH,Chur
CH,Dietikon
CH,Dubendorf
CH,Emmen
CH,Frauenfeld
CH,Fribourg
CH,Geneve
CH,Gossau
CH,Grenchen
CH,Herisau
CH,Horgen
CH,Jona
CH,Kloten
CH,Koniz
CH,Kreuzlingen
CH,Kriens
CH,La Chaux-de-Fonds
CH,Lancy
CH,Lausanne
CH,Le Chatelard
CH,Littau
CH,Lugano
CH,Luzern
CH,Meyrin
CH,Monthey
CH,Montreux
CH,Muttenz
CH,Neuchatel
CH,Nyon
CH,Oberwinterthur (Kreis 2)
CH,Olten
CH,Onex
CH,Pully
CH,Rapperswil
CH,Renens
CH,Riehen
CH,Sankt Gallen
CH,Schaffhausen
CH,Seen (Kreis 3)
CH,Sierre
CH,Sitten
CH,Stadt Winterthur (Kreis 1)
CH,Steffisburg
CH,Thun
CH,Uster
CH,Vernier
CH,Vevey
CH,Wettingen
CH,Wil
CH,Winterthur
CH,Yverdon-les-Bains
CH,Zuerich (Kreis 10)
CH,Zuerich (Kreis 10) / Hoengg
CH,Zuerich (Kreis 10) / Wipkingen
CH,Zuerich (Kreis 11)
CH,Zuerich (Kreis 11) / Affoltern
CH,Zuerich (Kreis 11) / Oerlikon
CH,Zuerich (Kreis 11) / Seebach
CH,Zuerich (Kreis 12)
CH,Zuerich (Kreis 2)
CH,Zuerich (Kreis 2) / Wollishofen
CH,Zuerich (Kreis 3)
CH,Zuerich (Kreis 3) / Sihlfeld
CH,Zuerich (Kreis 6)
CH,Zuerich (Kreis 6) / Unterstrass
CH,Zuerich (Kreis 7)
CH,Zuerich (Kreis 8)
CH,Zuerich (Kreis 9)
CH,Zuerich (Kreis 9) / Albisrieden
CH,Zuerich (Kreis 9) / Altstetten
CH,Zug
CH,Zurich
CI,Abengourou
CI,Abidjan
CI,Abobo
CI,Aboisso
CI,Adzope
CI,Affery
CI,Agboville
CI,Agnibilekrou
CI,Akoupe
CI,Anyama
CI,Arrah
CI,Bangolo
CI,Beoumi
CI,Biankouma
CI,Bingerville
CI,Bondoukou
CI,Bongouanou
CI,Bonoua
CI,Bouafle
CI,Bouake
CI,Bouna
CI,Boundiali
CI,Dabou
CI,Daloa
CI,Danane
CI,Daoukro
CI,Dimbokro
CI,Divo
CI,Duekoue
CI,Ferkessedougou
CI,Gagnoa
CI,Grand-Bassam
CI,Guiglo
CI,Issia
CI,Katiola
CI,Korhogo
CI,Lakota
CI,Man
CI,Mankono
CI,Odienne
CI,Oume
CI,San-Pedro
CI,Sassandra
CI,Seguela
CI,Sinfra
CI,Soubre
CI,Tabou
CI,Tanda
CI,Tengrela
CI,Tiassale
CI,Touba
CI,Toumodi
CI,Vavoua
CI,Yamoussoukro
CI,Zuenoula
CK,Avarua
CL,Ancud
CL,Angol
CL,Antofagasta
CL,Arica
CL,Buin
CL,Calama
CL,Castro
CL,Cauquenes
CL,Chiguayante
CL,Chillan
CL,Coihaique
CL,Concepcion
CL,Constitucion
CL,Copiapo
CL,Coquimbo
CL,Coronel
CL,Curanilahue
CL,Curico
CL,Hacienda La Calera
CL,Iquique
CL,La Ligua
CL,La Pintana
CL,La Serena
CL,La Union
CL,Lampa
CL,Las Animas
CL,Limache
CL,Linares
CL,Lo Prado
CL,Los Andes
CL,Los Angeles
CL,Lota
CL,Machali
CL,Melipilla
CL,Molina
CL,Osorno
CL,Ovalle
CL,Paine
CL,Parral
CL,Penaflor
CL,Penco
CL,Pucon
CL,Puente Alto
CL,Puerto Montt
CL,Puerto Varas
CL,Punta Arenas
CL,Quillota
CL,Quilpue
CL,Rancagua
CL,Rengo
CL,San Antonio
CL,San Bernardo
CL,San Carlos
CL,San Felipe
CL,Santa Cruz
CL,Santiago
CL,Talagante
CL,Talca
CL,Talcahuano
CL,Temuco
CL,Tome
CL,Valdivia
CL,Vallenar
CL,Valparaiso
CL,Villa Alemana
CL,Villarrica
CL,Vina del Mar
CM,Akonolinga
CM,Bafang
CM,Bafia
CM,Bafoussam
CM,Bali
CM,Bamenda
CM,Bamusso
CM,Bangangte
CM,Banyo
CM,Batouri
CM,Belabo
CM,Bertoua
CM,Bogo
CM,Buea
CM,Dizangue
CM,Douala
CM,Dschang
CM,Ebolowa
CM,Edea
CM,Eseka
CM,Fontem
CM,Foumban
CM,Foumbot
CM,Fundong
CM,Garoua
CM,Garoua Boulai
CM,Guider
CM,Idenao
CM,Kaele
CM,Kousseri
CM,Kribi
CM,Kumba
CM,Kumbo
CM,Lagdo
CM,Limbe
CM,Lolodorf
CM,Loum
CM,Mamfe
CM,Manjo
CM,Maroua
CM,Mbalmayo
CM,Mbandjok
CM,Mbanga
CM,Mbouda
CM,Meiganga
CM,Melong
CM,Mokolo
CM,Mora
CM,Mutengene
CM,Muyuka
CM,Nanga Eboko
CM,Ngaoundere
CM,Nkongsamba
CM,Nkoteng
CM,Obala
CM,Penja
CM,Sangmelima
CM,Tchollire
CM,Tibati
CM,Tiko
CM,Wum
CM,Yagoua
CM,Yaounde
CN,Anshan
CN,Anyang
CN,Baoding
CN,Baotou
CN,Beijing
CN,Benxi
CN,Changchun
CN,Changsha
CN,Changshu City
CN,Changzhou
CN,Chengdu
CN,Chongqing
CN,Dalian
CN,Datong
CN,Dongguan
CN,Foshan
CN,Fushun
CN,Fuzhou
CN,Guangzhou
CN,Guankou
CN,Guiyang
CN,Handan
CN,Hangzhou
CN,Harbin
CN,Hefei
CN,Huaibei
CN,Huainan
CN,Jieyang
CN,Jilin
CN,Jinan
CN,Kaifeng
CN,Kunming
CN,Lanzhou
CN,Lijiang
CN,Luoyang
CN,Nanchang
CN,Nanchong
CN,Nanjing
CN,Nanning
CN,Ningbo
CN,Ordos
CN,Pingdingshan
CN,Puyang
CN,Qingdao
CN,Qiqihar
CN,Shanghai
CN,Shantou
CN,Shenyang
CN,Shenzhen
CN,Shijiazhuang
CN,Shiyan
CN,Suzhou
CN,Tai'an
CN,Taiyuan
CN,Tangshan
CN,Tianjin
CN,Tianshui
CN,Tongshan
CN,UEruemqi
CN,Wenzhou
CN,Wuhan
CN,Wuxi
CN,Xi'an
CN,Xiamen
CN,Xianyang
CN,Xinyang
CN,Yueyang
CN,Yunfu
CN,Zhengzhou
CN,Zhongshan
CN,Zhu Cheng City
CN,Zibo
CO,Aguachica
CO,Apartado
CO,Arauca
CO,Armenia
CO,Barrancabermeja
CO,Barranquilla
CO,Bello
CO,Bogota
CO,Bucaramanga
CO,Buenaventura
CO,Buga
CO,Calarca
CO,Caldas
CO,Cali
CO,Cartagena
CO,Cartago
CO,Chia
CO,Chinchina
CO,Cienaga
CO,Cucuta
CO,Dos Quebradas
CO,Duitama
CO,Envigado
CO,Facatativa
CO,Florencia
CO,Floridablanca
CO,Fusagasuga
CO,Girardot City
CO,Giron
CO,Ibague
CO,Ipiales
CO,Itagui
CO,La Dorada
CO,Magangue
CO,Maicao
CO,Malambo
CO,Manizales
CO,Medellin
CO,Montelibano
CO,Monteria
CO,Neiva
CO,Ocana
CO,Palmira
CO,Pasto
CO,Pereira
CO,Piedecuesta
CO,Popayan
CO,Quibdo
CO,Riohacha
CO,Rionegro
CO,Sabanalarga
CO,Santa Marta
CO,Sincelejo
CO,Soacha
CO,Sogamoso
CO,Soledad
CO,Tulua
CO,Tumaco
CO,Tunja
CO,Valledupar
CO,Villa del Rosario
CO,Villavicencio
CO,Yopal
CO,Yumbo
CO,Zipaquira
CR,Alajuela
CR,Aserri
CR,Calle Blancos
CR,Canas
CR,Cartago
CR,Chacarita
CR,Colima
CR,Curridabat
CR,Esparza
CR,Guadalupe
CR,Guapiles
CR,Heredia
CR,Ipis
CR,Liberia
CR,Limon
CR,Mercedes
CR,Nicoya
CR,Paraiso
CR,Patarra
CR,Puntarenas
CR,Purral
CR,Quesada
CR,San Diego
CR,San Felipe
CR,San Francisco
CR,San Isidro
CR,San Jose
CR,San Jose
CR,San Juan
CR,San Juan de Dios
CR,San Miguel
CR,San Pablo
CR,San Pedro
CR,San Rafael
CR,San Rafael
CR,San Rafael Abajo
CR,San Rafael Arriba
CR,San Vicente
CR,San Vicente de Moravia
CR,Siquirres
CR,Tejar
CR,Turrialba
CU,Aguada de Pasajeros
CU,Alamar
CU,Amancio
CU,Arroyo Naranjo
CU,Arroyo Naranjo
CU,Artemisa
CU,Banes
CU,Baracoa
CU,Bartolome Maso
CU,Bauta
CU,Bayamo
CU,Boyeros
CU,Cabaiguan
CU,Cacocum
CU,Caibarien
CU,Calimete
CU,Camaguey
CU,Camajuani
CU,Campechuela
CU,Cardenas
CU,Centro Habana
CU,Cerro
CU,Chambas
CU,Ciego de Avila
CU,Cienfuegos
CU,Cifuentes
CU,Ciro Redondo
CU,Colon
CU,Condado
CU,Consolacion del Sur
CU,Contramaestre
CU,Corralillo
CU,Cruces
CU,Cueto
CU,Cumanayagua
CU,Diez de Octubre
CU,Encrucijada
CU,Florida
CU,Gibara
CU,Guaimaro
CU,Guanabacoa
CU,Guanajay
CU,Guantanamo
CU,Gueines
CU,Guira de Melena
CU,Habana del Este
CU,Havana
CU,Holguin
CU,Jaguey Grande
CU,Jesus Menendez
CU,Jiguani
CU,Jobabo
CU,Jovellanos
CU,La Habana Vieja
CU,La Salud
CU,Las Tunas
CU,Los Palacios
CU,Madruga
CU,Maisi
CU,Manicaragua
CU,Manzanillo
CU,Mariel
CU,Matanzas
CU,Minas de Matahambre
CU,Moa
CU,Moron
CU,Nuevitas
CU,Palma Soriano
CU,Palmira
CU,Pedro Betancourt
CU,Perico
CU,Pinar del Rio
CU,Placetas
CU,Puerto Padre
CU,Ranchuelo
CU,Regla
CU,Remedios
CU,Rio Cauto
CU,Rio Guayabal de Yateras
CU,Sagua la Grande
CU,San Antonio de los Banos
CU,San Cristobal
CU,San Jose de las Lajas
CU,San Luis
CU,San Miguel del Padron
CU,Sancti Spiritus
CU,Santa Clara
CU,Santa Cruz del Sur
CU,Santiago de Cuba
CU,Santiago de las Vegas
CU,Santo Domingo
CU,Trinidad
CU,Union de Reyes
CU,Urbano Noris
CU,Vertientes
CU,Vinales
CU,Yaguajay
CU,Yara
CV,Cova Figueira
CV,Mindelo
CV,Praia
CV,Santa Maria
CW,Willemstad
CX,Flying Fish Cove
CY,Famagusta
CY,Kyrenia
CY,Larnaca
CY,Limassol
CY,Nicosia
CY,Paphos
CY,Protaras
CZ,Benesov
CZ,Beroun
CZ,Bilina
CZ,Bilina Kyselka
CZ,Blansko
CZ,Bohumin
CZ,Brandys nad Labem-Stara Boleslav
CZ,Branik
CZ,Breclav
CZ,Brno
CZ,Bruntal
CZ,Cerny Most
CZ,Ceska Lipa
CZ,Ceska Trebova
CZ,Ceske Budejovice
CZ,Cesky Tesin
CZ,Cheb
CZ,Chomutov
CZ,Chrudim
CZ,Decin
CZ,Dvur Kralove nad Labem
CZ,Frydek-Mistek
CZ,Havirov
CZ,Havlickuv Brod
CZ,Hodonin
CZ,Hradec Kralove
CZ,Hranice
CZ,Jablonec nad Nisou
CZ,Jicin
CZ,Jihlava
CZ,Jindrichuv Hradec
CZ,Jirkov
CZ,Kadan
CZ,Kadan
CZ,Karlovy Vary
CZ,Karvina
CZ,Kladno
CZ,Klasterec nad Ohri
CZ,Klatovy
CZ,Kolin
CZ,Koprivnice
CZ,Kralupy nad Vltavou
CZ,Krnov
CZ,Kromeriz
CZ,Kutna Hora
CZ,Letnany
CZ,Liben
CZ,Liberec
CZ,Litomerice
CZ,Litvinov
CZ,Louny
CZ,Melnik
CZ,Mlada Boleslav
CZ,Modrany
CZ,Most
CZ,Nachod
CZ,Neratovice
CZ,Novy Jicin
CZ,Olomouc
CZ,Opava
CZ,Orlova
CZ,Ostrava
CZ,Ostrov
CZ,Otrokovice
CZ,Otrokovice
CZ,Pardubice
CZ,Pelhrimov
CZ,Pilsen
CZ,Pisek
CZ,Prague
CZ,Prerov
CZ,Pribram
CZ,Prosek
CZ,Prostejov
CZ,Rakovnik
CZ,Roznov pod Radhostem
CZ,Slany
CZ,Sokolov
CZ,Stary Bohumin
CZ,Strakonice
CZ,Sumperk
CZ,Svitavy
CZ,Tabor
CZ,Teplice
CZ,Trebic
CZ,Trinec
CZ,Trutnov
CZ,Uherske Hradiste
CZ,Uhersky Brod
CZ,Usti nad Labem
CZ,Usti nad Orlici
CZ,Valasske Mezirici
CZ,Varnsdorf
CZ,Vsetin
CZ,Vyskov
CZ,Zatec
CZ,Zd'ar nad Sazavou
CZ,Zd'ar nad Sazavou Druhy
CZ,Zlin
CZ,Znojmo
DE,Aachen
DE,Altona
DE,Augsburg
DE,Bergedorf
DE,Berlin
DE,Bezirk Kreuzberg
DE,Bielefeld
DE,Bochum
DE,Bochum-Hordel
DE,Bonn
DE,Bottrop
DE,Braunschweig
DE,Bremen
DE,Charlottenburg Bezirk
DE,Chemnitz
DE,Darmstadt
DE,Dortmund
DE,Dresden
DE,Duisburg
DE,Dusseldorf
DE,Eimsbuettel
DE,Erfurt
DE,Essen
DE,Frankfurt am Main
DE,Freiburg
DE,Friedrichshain Bezirk
DE,Gelsenkirchen
DE,Goettingen
DE,Hagen
DE,Halle (Saale)
DE,Halle Neustadt
DE,Hamburg
DE,Hamburg-Mitte
DE,Hamburg-Nord
DE,Hamm
DE,Hannover
DE,Harburg
DE,Heidelberg
DE,Heilbronn
DE,Herne
DE,Ingolstadt
DE,Karlsruhe
DE,Kassel
DE,Kiel
DE,Koeln
DE,Krefeld
DE,Leipzig
DE,Leverkusen
DE,Ludwigshafen am Rhein
DE,Luebeck
DE,Magdeburg
DE,Mainz
DE,Mannheim
DE,Marienthal
DE,Monchengladbach
DE,Muelheim (Ruhr)
DE,Muenster
DE,Munich
DE,Neue Neustadt
DE,Neuss
DE,Nuernberg
DE,Oberhausen
DE,Offenbach
DE,Oldenburg
DE,Osnabrueck
DE,Paderborn
DE,Pforzheim
DE,Potsdam
DE,Prenzlauer Berg Bezirk
DE,Recklinghausen
DE,Regensburg
DE,Rostock
DE,Saarbrucken
DE,Solingen
DE,Stuttgart
DE,Ulm
DE,Wandsbek
DE,Wiesbaden
DE,Wolfsburg
DE,Wuerzburg
DE,Wuppertal
DJ,'Ali Sabieh
DJ,Danan
DJ,Djibouti
DJ,Obock
DJ,Tadjoura
DK,Aabenraa
DK,Aalborg
DK,Albertslund
DK,Arhus
DK,Ballerup
DK,Birkerod
DK,Charlottenlund
DK,Copenhagen
DK,Esbjerg
DK,Farum
DK,Fredericia
DK,Frederiksberg
DK,Frederikshavn
DK,Glostrup
DK,Greve
DK,Haderslev
DK,Helsingor
DK,Herning
DK,Hillerod
DK,Hjorring
DK,Holbaek
DK,Holstebro
DK,Horsens
DK,Horsholm
DK,Hvidovre
DK,Ishoj
DK,Kalundborg
DK,Koge
DK,Kolding
DK,Korsor
DK,Lillerod
DK,Naestved
DK,Nyborg
DK,Nykobing Falster
DK,Odense
DK,Randers
DK,Ringsted
DK,Rodovre
DK,Roskilde
DK,Silkeborg
DK,Skive
DK,Slagelse
DK,Sonderborg
DK,Stenlose
DK,Svendborg
DK,Taastrup
DK,Vanlose
DK,Vejle
DK,Viborg
DM,Roseau
DO,Azua
DO,Bajos de Haina
DO,Bani
DO,Bayaguana
DO,Bella Vista
DO,Boca Chica
DO,Bonao
DO,Ciudad Nueva
DO,Concepcion de La Vega
DO,Constanza
DO,Cotui
DO,Dajabon
DO,Esperanza
DO,Hato Mayor del Rey
DO,Jarabacoa
DO,La Romana
DO,Las Matas de Farfan
DO,Mao
DO,Moca
DO,Monte Plata
DO,Nagua
DO,Neiba
DO,Puerto Plata
DO,Punta Cana
DO,Quisqueya
DO,Rio Grande
DO,Sabana Grande de Boya
DO,Sabaneta
DO,Salcedo
DO,Salvaleon de Higuey
DO,San Cristobal
DO,San Fernando de Monte Cristi
DO,San Francisco de Macoris
DO,San Jose de Ocoa
DO,San Juan de la Maguana
DO,San Pedro de Macoris
DO,Santa Cruz de Barahona
DO,Santa Cruz de El Seibo
DO,Santiago de los Caballeros
DO,Santo Domingo
DO,Santo Domingo Oeste
DO,Tamboril
DO,Villa Altagracia
DO,Villa Bisono
DO,Villa Consuelo
DO,Villa Francisca
DZ,'Ain el Melh
DZ,'Ain el Turk
DZ,'Ain Temouchent
DZ,`Ain el Hadjel
DZ,Adrar
DZ,Aflou
DZ,Ain Beida
DZ,Ain Defla
DZ,Ain Fakroun
DZ,Ain Oussera
DZ,Ain Sefra
DZ,Ain Touta
DZ,Akbou
DZ,Algiers
DZ,Annaba
DZ,Azazga
DZ,Azzaba
DZ,Bab Ezzouar
DZ,Baraki
DZ,Barika
DZ,Batna
DZ,Bechar
DZ,Bejaia
DZ,Beni Mered
DZ,Beni Saf
DZ,Berriane
DZ,Berrouaghia
DZ,Besbes
DZ,Bir el Ater
DZ,Bir el Djir
DZ,Birine
DZ,Birkhadem
DZ,Biskra
DZ,Blida
DZ,Boghni
DZ,Bordj Bou Arreridj
DZ,Bordj el Kiffan
DZ,Bou Arfa
DZ,Boudouaou
DZ,Boufarik
DZ,Bougaa
DZ,Bougara
DZ,Bouira
DZ,Boumerdas
DZ,Chelghoum el Aid
DZ,Cheria
DZ,Chetouane
DZ,Chlef
DZ,Constantine
DZ,Dar Chioukh
DZ,Djamaa
DZ,Djelfa
DZ,Draa el Mizan
DZ,Drean
DZ,Ech Chettia
DZ,El Abiodh Sidi Cheikh
DZ,El Achir
DZ,El Affroun
DZ,El Attaf
DZ,El Bayadh
DZ,El Eulma
DZ,El Hadjar
DZ,El Hadjira
DZ,El Idrissia
DZ,El Khroub
DZ,El Oued
DZ,Es Senia
DZ,Frenda
DZ,Ghardaia
DZ,Guelma
DZ,Hamma Bouziane
DZ,Hassi Messaoud
DZ,Heliopolis
DZ,Hennaya
DZ,I-n-Salah
DZ,Jijel
DZ,Kerkera
DZ,Khemis el Khechna
DZ,Khemis Miliana
DZ,Khenchela
DZ,Ksar Chellala
DZ,Ksar el Boukhari
DZ,Laghouat
DZ,Lakhdaria
DZ,Larbaa
DZ,M'Sila
DZ,Mansoura
DZ,Mascara
DZ,Medea
DZ,Meftah
DZ,Mehdia
DZ,Merouana
DZ,Messaad
DZ,Metlili Chaamba
DZ,Mila
DZ,Mostaganem
DZ,Oran
DZ,Ouargla
DZ,Oued Fodda
DZ,Oued Rhiou
DZ,Oum el Bouaghi
DZ,Ras el Oued
DZ,Reghaia
DZ,Reguiba
DZ,Relizane
DZ,Remchi
DZ,Rouached
DZ,Rouissat
DZ,Saida
DZ,Sebdou
DZ,Sedrata
DZ,Setif
DZ,Sidi Aissa
DZ,Sidi Bel Abbes
DZ,Sidi Khaled
DZ,Sidi Moussa
DZ,Sig
DZ,Skikda
DZ,Sougueur
DZ,Souk Ahras
DZ,Souma
DZ,Sour el Ghozlane
DZ,Tamanrasset
DZ,Tazoult-Lambese
DZ,Tebesbest
DZ,Tebessa
DZ,Telerghma
DZ,Tiaret
DZ,Timimoun
DZ,Timizart
DZ,Tindouf
DZ,Tissemsilt
DZ,Tizi Ouzou
DZ,Tlemcen
DZ,Tolga
DZ,Touggourt
EC,Ambato
EC,Atuntaqui
EC,Azogues
EC,Babahoyo
EC,Bahia de Caraquez
EC,Balzar
EC,Boca Suno
EC,Calceta
EC,Cariamanga
EC,Catamayo
EC,Cayambe
EC,Chone
EC,Cuenca
EC,El Triunfo
EC,Eloy Alfaro
EC,Esmeraldas
EC,Gualaceo
EC,Guaranda
EC,Guayaquil
EC,Huaquillas
EC,Ibarra
EC,Jipijapa
EC,La Libertad
EC,La Mana
EC,La Troncal
EC,Latacunga
EC,Loja
EC,Macas
EC,Machachi
EC,Machala
EC,Manta
EC,Montalvo
EC,Montecristi
EC,Naranjal
EC,Naranjito
EC,Nueva Loja
EC,Otavalo
EC,Pasaje
EC,Pedro Carbo
EC,Pelileo
EC,Pinas
EC,Playas
EC,Portoviejo
EC,Puerto Francisco de Orellana
EC,Pujili
EC,Puyo
EC,Quevedo
EC,Quito
EC,Riobamba
EC,Rosa Zarate
EC,Salinas
EC,Samborondon
EC,San Gabriel
EC,San Lorenzo de Esmeraldas
EC,Santa Elena
EC,Santa Rosa
EC,Santo Domingo de los Colorados
EC,Sucre
EC,Tena
EC,Tulcan
EC,Velasco Ibarra
EC,Ventanas
EC,Vinces
EC,Yaguachi Nuevo
EC,Zamora
EE,Kohtla-Jarve
EE,Maardu
EE,Narva
EE,Parnu
EE,Rakvere
EE,Sillamae
EE,Tallinn
EE,Tartu
EE,Viljandi
EG,Abnub
EG,Abu Kabir
EG,Abu Qurqas
EG,Abu Tij
EG,Akhmim
EG,Al Fashn
EG,Al Fayyum
EG,Al Hawamidiyah
EG,Al Jamaliyah
EG,Al Jizah
EG,Al Khankah
EG,Al Kharijah
EG,Al Mahallah al Kubra
EG,Al Manshah
EG,Al Mansurah
EG,Al Manzilah
EG,Al Matariyah
EG,Al Minya
EG,Al Qanatir al Khayriyah
EG,Al Qurayn
EG,Al Qusiyah
EG,Alexandria
EG,Arish
EG,Ashmun
EG,Aswan
EG,Asyut
EG,Awsim
EG,Banha
EG,Bani Mazar
EG,Bani Suwayf
EG,Basyun
EG,Bilbays
EG,Bilqas
EG,Bush
EG,Cairo
EG,Damanhur
EG,Damietta
EG,Dayrut
EG,Dikirnis
EG,Dishna
EG,Disuq
EG,Faqus
EG,Faraskur
EG,Farshut
EG,Fuwah
EG,Halwan
EG,Hawsh `Isa
EG,Hurghada
EG,Idfu
EG,Idku
EG,Ismailia
EG,Isna
EG,Jirja
EG,Kafr ad Dawwar
EG,Kafr ash Shaykh
EG,Kafr az Zayyat
EG,Kawm Umbu
EG,Kousa
EG,Luxor
EG,Mallawi
EG,Manfalut
EG,Mersa Matruh
EG,Minuf
EG,Minyat an Nasr
EG,Port Said
EG,Qalyub
EG,Qina
EG,Rosetta
EG,Samalut
EG,Samannud
EG,Shibin al Kawm
EG,Shibin al Qanatir
EG,Shirbin
EG,Sohag
EG,Suez
EG,Tahta
EG,Talkha
EG,Tanda
EG,Toukh
EG,Zagazig
EG,Zifta
ER,Asmara
ER,Assab
ER,Barentu
ER,Keren
ER,Massawa
ER,Mendefera
ES,A Coruna
ES,Albacete
ES,Alcala de Henares
ES,Alcobendas
ES,Alcorcon
ES,Algeciras
ES,Algorta
ES,Alicante
ES,Almeria
ES,Arganzuela
ES,Aviles
ES,Badajoz
ES,Badalona
ES,Barakaldo
ES,Barcelona
ES,Bilbao
ES,Burgos
ES,Caceres
ES,Cadiz
ES,Carabanchel
ES,Cartagena
ES,Castello de la Plana
ES,Chamartin
ES,Chamberi
ES,City Center
ES,Ciudad Lineal
ES,Ciutat Vella
ES,Cordoba
ES,Cornella de Llobregat
ES,Coslada
ES,Delicias
ES,Dos Hermanas
ES,Eixample
ES,El Ejido
ES,El Puerto de Santa Maria
ES,Elche
ES,Fuencarral-El Pardo
ES,Fuenlabrada
ES,Gandia
ES,Gasteiz / Vitoria
ES,Getafe
ES,Getxo
ES,Gijon
ES,Girona
ES,Gracia
ES,Granada
ES,Guadalajara
ES,Horta-Guinardo
ES,Hortaleza
ES,Huelva
ES,Jaen
ES,Jerez de la Frontera
ES,L'Hospitalet de Llobregat
ES,La Laguna
ES,Las Palmas de Gran Canaria
ES,Las Rozas de Madrid
ES,Latina
ES,Leganes
ES,Leon
ES,les Corts
ES,Lleida
ES,Logrono
ES,Lorca
ES,Lugo
ES,Madrid
ES,Malaga
ES,Marbella
ES,Mataro
ES,Moncloa-Aravaca
ES,Moratalaz
ES,Mostoles
ES,Murcia
ES,Nou Barris
ES,Orihuela
ES,Ourense
ES,Oviedo
ES,Palencia
ES,Palma
ES,Pamplona
ES,Parla
ES,Pontevedra
ES,Pozuelo de Alarcon
ES,Puente de Vallecas
ES,Retiro
ES,Reus
ES,Roquetas de Mar
ES,Sabadell
ES,Salamanca
ES,Salamanca
ES,San Blas
ES,San Fernando
ES,San Sebastian
ES,Sant Andreu de Palomar
ES,Sant Boi de Llobregat
ES,Sant Cugat del Valles
ES,Sant Marti
ES,Santa Coloma de Gramenet
ES,Santa Cruz de Tenerife
ES,Santander
ES,Santiago de Compostela
ES,Sants-Montjuic
ES,Sarria-Sant Gervasi
ES,Sevilla
ES,Talavera de la Reina
ES,Tarragona
ES,Telde
ES,Terrassa
ES,Tetuan de las Victorias
ES,Toledo
ES,Torrejon de Ardoz
ES,Torrevieja
ES,Usera
ES,Valencia
ES,Valladolid
ES,Vigo
ES,Villaverde
ES,Zaragoza
ET,Abomsa
ET,Addiet Canna
ET,Addis Ababa
ET,Adigrat
ET,Adis Zemen
ET,Agaro
ET,Aksum
ET,Arba Minch'
ET,Areka
ET,Asaita
ET,Asasa
ET,Asbe Teferi
ET,Asosa
ET,Bahir Dar
ET,Bako
ET,Bati
ET,Bedele
ET,Bedesa
ET,Bichena
ET,Bishoftu
ET,Boditi
ET,Bonga
ET,Bure
ET,Butajira
ET,Debark'
ET,Debre Birhan
ET,Debre Mark'os
ET,Debre Tabor
ET,Dembi Dolo
ET,Dese
ET,Dila
ET,Dire Dawa
ET,Dodola
ET,Dubti
ET,Felege Neway
ET,Fiche
ET,Finote Selam
ET,Gambela
ET,Gebre Guracha
ET,Gelemso
ET,Genet
ET,Gimbi
ET,Ginir
ET,Goba
ET,Gondar
ET,Hagere Hiywet
ET,Hagere Maryam
ET,Harar
ET,Hawassa
ET,Inda Silase
ET,Jijiga
ET,Jima
ET,Jinka
ET,K'olito
ET,Kemise
ET,Kibre Mengist
ET,Kombolcha
ET,Korem
ET,Maych'ew
ET,Mekele
ET,Mendi
ET,Metahara
ET,Metu
ET,Mojo
ET,Nazret
ET,Nejo
ET,Robit
ET,Sebeta
ET,Shakiso
ET,Shambu
ET,Shashemene
ET,Tippi
ET,Waliso
ET,Wenji
ET,Werota
ET,Yabelo
ET,Yirga `Alem
ET,Ziway
FI,Anjala
FI,Espoo
FI,Forssa
FI,Haemeenlinna
FI,Hamina
FI,Haukipudas
FI,Heinola
FI,Helsinki
FI,Hollola
FI,Hyvinge
FI,Iisalmi
FI,Imatra
FI,Jaemsae
FI,Jaervenpaeae
FI,Jakobstad
FI,Janakkala
FI,Joensuu
FI,Jyvaeskylae
FI,Kaarina
FI,Kajaani
FI,Kangasala
FI,Karhula
FI,Kemi
FI,Kerava
FI,Kirkkonummi
FI,Kokkola
FI,Korsholm
FI,Kotka
FI,Kouvola
FI,Kuopio
FI,Kuusamo
FI,Laensi-Turunmaa
FI,Lahti
FI,Lappeenranta
FI,Laukaa
FI,Lempaeaelae
FI,Lieto
FI,Lohja
FI,Maentsaelae
FI,Mikkeli
FI,Nokia
FI,Nurmijaervi
FI,Oulu
FI,Pirkkala
FI,Pori
FI,Porvoo
FI,Raahe
FI,Raisio
FI,Rauma
FI,Riihimaeki
FI,Rovaniemi
FI,Salo
FI,Savonlinna
FI,Seinaejoki
FI,Sibbo
FI,Siilinjaervi
FI,Tampere
FI,Tornio
FI,Turku
FI,Tuusula
FI,Uusikaupunki
FI,Vaasa
FI,Valkeakoski
FI,Vantaa
FI,Varkaus
FI,Vihti
FI,Yloejaervi
FJ,Lambasa
FJ,Lautoka
FJ,Nadi
FJ,Suva
FK,Stanley
FM,Palikir - National Government Center
FO,Torshavn
FR,Aix-en-Provence
FR,Amiens
FR,Angers
FR,Antibes
FR,Antony
FR,Argenteuil
FR,Asnieres-sur-Seine
FR,Aubervilliers
FR,Aulnay-sous-Bois
FR,Avignon
FR,Besancon
FR,Beziers
FR,Bordeaux
FR,Boulogne-Billancourt
FR,Bourges
FR,Brest
FR,Caen
FR,Calais
FR,Cannes
FR,Cayenne
FR,Cergy
FR,Cergy-Pontoise
FR,Chambery
FR,Champigny-sur-Marne
FR,Clermont-Ferrand
FR,Clichy
FR,Colmar
FR,Colombes
FR,Courbevoie
FR,Creteil
FR,Dijon
FR,Drancy
FR,Dunkerque
FR,Evreux
FR,Grenoble
FR,Issy-les-Moulineaux
FR,Ivry-sur-Seine
FR,La Roche-sur-Yon
FR,La Rochelle
FR,La Seyne-sur-Mer
FR,Le Havre
FR,Le Mans
FR,Levallois-Perret
FR,Lille
FR,Limoges
FR,Lorient
FR,Lyon
FR,Marseille
FR,Marseille 08
FR,Marseille 09
FR,Marseille 12
FR,Marseille 13
FR,Marseille 14
FR,Marseille 15
FR,Merignac
FR,Metz
FR,Montpellier
FR,Montreuil
FR,Mulhouse
FR,Nancy
FR,Nanterre
FR,Nantes
FR,Neuilly-sur-Seine
FR,Nice
FR,Nimes
FR,Noisy-le-Grand
FR,Orleans
FR,Paris
FR,Pau
FR,Perpignan
FR,Pessac
FR,Poitiers
FR,Quimper
FR,Reims
FR,Rennes
FR,Roubaix
FR,Rouen
FR,Rueil-Malmaison
FR,Saint-Denis
FR,Saint-Etienne
FR,Saint-Maur-des-Fosses
FR,Saint-Nazaire
FR,Saint-Quentin-en-Yvelines
FR,Sarcelles
FR,Strasbourg
FR,Toulon
FR,Toulouse
FR,Tourcoing
FR,Tours
FR,Troyes
FR,Valence
FR,Venissieux
FR,Versailles
FR,Villeneuve-d'Ascq
FR,Villeurbanne
FR,Vitry-sur-Seine
GA,Franceville
GA,Koulamoutou
GA,Lambarene
GA,Libreville
GA,Moanda
GA,Mouila
GA,Oyem
GA,Port-Gentil
GA,Tchibanga
GB,Aberdeen
GB,Belfast
GB,Bexley
GB,Birmingham
GB,Blackburn
GB,Blackpool
GB,Bolton
GB,Bournemouth
GB,Bradford
GB,Brighton
GB,Bristol
GB,Cambridge
GB,Cardiff
GB,City of London
GB,Colchester
GB,Coventry
GB,Crawley
GB,Dagenham
GB,Derby
GB,Dudley
GB,Dundee
GB,Eastbourne
GB,Edinburgh
GB,Exeter
GB,Glasgow
GB,Gloucester
GB,Huddersfield
GB,Hull
GB,Ipswich
GB,Islington
GB,Leeds
GB,Leicester
GB,Liverpool
GB,London
GB,Luton
GB,Manchester
GB,Mendip
GB,Middlesbrough
GB,Milton Keynes
GB,Newcastle upon Tyne
GB,Newport
GB,Northampton
GB,Norwich
GB,Nottingham
GB,Oxford
GB,Peterborough
GB,Plymouth
GB,Poole
GB,Portsmouth
GB,Preston
GB,Reading
GB,Rotherham
GB,Sheffield
GB,Slough
GB,Southampton
GB,Southend-on-Sea
GB,Stockport
GB,Stoke-on-Trent
GB,Sunderland
GB,Sutton
GB,Sutton Coldfield
GB,Swansea
GB,Swindon
GB,Telford
GB,Walsall
GB,Watford
GB,West Bromwich
GB,Wolverhampton
GB,York
GD,Saint George's
GE,Akhaltsikhe
GE,Batumi
GE,Gori
GE,Khashuri
GE,Kobuleti
GE,Kutaisi
GE,Marneuli
GE,Och'amch'ire
GE,Ozurgeti
GE,P'ot'i
GE,Rust'avi
GE,Samtredia
GE,Senak'i
GE,Sokhumi
GE,Stantsiya Novyy Afon
GE,Tbilisi
GE,Telavi
GE,Tqvarch'eli
GE,Ts'khinvali
GE,Tsqaltubo
GE,Zestap'oni
GE,Zugdidi
GF,Cayenne
GF,Kourou
GF,Matoury
GF,Remire-Montjoly
GF,Saint-Laurent-du-Maroni
GG,Saint Peter Port
GH,Aburi
GH,Accra
GH,Achiaman
GH,Agogo
GH,Akim Oda
GH,Akwatia
GH,Anloga
GH,Apam
GH,Asamankese
GH,Axim
GH,Bawku
GH,Begoro
GH,Berekum
GH,Bibiani
GH,Bolgatanga
GH,Cape Coast
GH,Dome
GH,Dunkwa
GH,Ejura
GH,Elmina
GH,Foso
GH,Gbawe
GH,Ho
GH,Hohoe
GH,Kasoa
GH,Keta
GH,Kintampo
GH,Koforidua
GH,Konongo
GH,Kpandu
GH,Kumasi
GH,Mampong
GH,Medina Estates
GH,Navrongo
GH,Nkawkaw
GH,Nsawam
GH,Nungua
GH,Obuasi
GH,Prestea
GH,Salaga
GH,Saltpond
GH,Savelugu
GH,Sekondi-Takoradi
GH,Shama Junction
GH,Suhum
GH,Sunyani
GH,Swedru
GH,Tafo
GH,Takoradi
GH,Tamale
GH,Tarkwa
GH,Techiman
GH,Tema
GH,Teshi Old Town
GH,Wa
GH,Wenchi
GH,Winneba
GH,Yendi
GI,Gibraltar
GL,Nuuk
GM,Bakau
GM,Banjul
GM,Brikama
GM,Farafenni
GM,Lamin
GM,Sukuta
GN,Boke
GN,Camayenne
GN,Conakry
GN,Coyah
GN,Fria
GN,Gueckedou
GN,Kamsar
GN,Kankan
GN,Kindia
GN,Kissidougou
GN,Labe
GN,Macenta
GN,Mamou
GN,Nzerekore
GN,Pita
GN,Siguiri
GN,Telimele
GN,Tougue
GP,Baie-Mahault
GP,Basse-Terre
GP,Capesterre-Belle-Eau
GP,Le Gosier
GP,Le Moule
GP,Les Abymes
GP,Petit-Bourg
GP,Pointe-a-Pitre
GP,Sainte-Anne
GP,Sainte-Rose
GQ,Bata
GQ,Ebebiyin
GQ,Malabo
GR,Acharnes
GR,Agia Paraskevi
GR,Agia Varvara
GR,Agioi Anargyroi
GR,Agios Dimitrios
GR,Agios Ioannis Rentis
GR,Agrinio
GR,Aigaleo
GR,Aigio
GR,Alexandroupoli
GR,Alimos
GR,Amaliada
GR,Ano Liosia
GR,Argos
GR,Argyroupoli
GR,Arta
GR,Artemida
GR,Aspropyrgos
GR,Athens
GR,Chaidari
GR,Chalkida
GR,Chania
GR,Chios
GR,Cholargos
GR,Dhafni
GR,Drama
GR,Edessa
GR,Elefsina
GR,Elliniko
GR,Florina
GR,Galatsi
GR,Gerakas
GR,Giannitsa
GR,Glyfada
GR,Ilion
GR,Ilioupoli
GR,Ioannina
GR,Irakleio
GR,Irakleion
GR,Kaisariani
GR,Kalamaria
GR,Kalamata
GR,Kallithea
GR,Kamateron
GR,Karditsa
GR,Katerini
GR,Kavala
GR,Keratsini
GR,Kerkyra
GR,Khalandrion
GR,Kifisia
GR,Kilkis
GR,Komotini
GR,Korinthos
GR,Koropi
GR,Korydallos
GR,Kos
GR,Kozani
GR,Lamia
GR,Larisa
GR,Livadeia
GR,Marousi
GR,Megara
GR,Melissia
GR,Menemeni
GR,Metamorfosi
GR,Moskhaton
GR,Mytilini
GR,Naousa
GR,Nea Erythraia
GR,Nea Filadelfeia
GR,Nea Ionia
GR,Nea Ionia
GR,Nea Makri
GR,Nea Smyrni
GR,Nikaia
GR,Oraiokastro
GR,Orestiada
GR,Palaio Faliro
GR,Panorama
GR,Patra
GR,Pefki
GR,Peraia
GR,Perama
GR,Peristeri
GR,Petroupolis
GR,Piraeus
GR,Polichni
GR,Preveza
GR,Ptolemaida
GR,Pylaia
GR,Pyrgos
GR,Rethymno
GR,Rodos
GR,Salamina
GR,Serres
GR,Sparti
GR,Sykies
GR,Thessaloniki
GR,Thivai
GR,Trikala
GR,Tripoli
GR,Vari
GR,Veroia
GR,Volos
GR,Voula
GR,Vrilissia
GR,Vyronas
GR,Xanthi
GR,Zografos
GS,Grytviken
GT,Alotenango
GT,Amatitlan
GT,Antigua Guatemala
GT,Asuncion Mita
GT,Barberena
GT,Cantel
GT,Chicacao
GT,Chichicastenango
GT,Chimaltenango
GT,Chinautla
GT,Chiquimula
GT,Chisec
GT,Ciudad Vieja
GT,Coatepeque
GT,Coban
GT,Colomba
GT,Comalapa
GT,Comitancillo
GT,Cuilapa
GT,El Estor
GT,El Palmar
GT,El Tejar
GT,Escuintla
GT,Esquipulas
GT,Flores
GT,Fraijanes
GT,Gualan
GT,Guatemala City
GT,Huehuetenango
GT,Jacaltenango
GT,Jalapa
GT,Jocotenango
GT,Jutiapa
GT,La Esperanza
GT,La Gomera
GT,Mazatenango
GT,Mixco
GT,Momostenango
GT,Morales
GT,Nahuala
GT,Nebaj
GT,Nuevo San Carlos
GT,Ostuncalco
GT,Palencia
GT,Palin
GT,Panzos
GT,Patzicia
GT,Patzun
GT,Petapa
GT,Poptun
GT,Puerto Barrios
GT,Puerto San Jose
GT,Quetzaltenango
GT,Retalhuleu
GT,Salama
GT,San Andres Itzapa
GT,San Benito
GT,San Cristobal Verapaz
GT,San Francisco El Alto
GT,San Jose Pinula
GT,San Juan Sacatepequez
GT,San Lucas Sacatepequez
GT,San Marcos
GT,San Pablo Jocopilas
GT,San Pedro Ayampuc
GT,San Pedro Sacatepequez
GT,Sanarate
GT,Santa Catarina Pinula
GT,Santa Cruz del Quiche
GT,Santa Lucia Cotzumalguapa
GT,Santa Maria de Jesus
GT,Santiago Atitlan
GT,Santiago Sacatepequez
GT,Solola
GT,Sumpango
GT,Tecpan Guatemala
GT,Tiquisate
GT,Totonicapan
GT,Villa Canales
GT,Villa Nueva
GT,Zacapa
GU,Dededo Village
GU,Hagatna
GU,Mangilao Village
GU,Tamuning-Tumon-Harmon Village
GU,Yigo Village
GW,Bafata
GW,Bissau
GY,Georgetown
GY,Linden
GY,New Amsterdam
HK,Hong Kong
HK,Kowloon
HK,Sha Tin
HK,Tsuen Wan
HK,Yuen Long Kau Hui
HN,Choloma
HN,Ciudad Choluteca
HN,Cofradia
HN,Comayagua
HN,Danli
HN,El Paraiso
HN,El Progreso
HN,Juticalpa
HN,La Ceiba
HN,La Lima
HN,La Paz
HN,Olanchito
HN,Potrerillos
HN,Puerto Cortez
HN,San Lorenzo
HN,San Pedro Sula
HN,Santa Barbara
HN,Santa Rosa de Copan
HN,Siguatepeque
HN,Tegucigalpa
HN,Tela
HN,Tocoa
HN,Villanueva
HN,Yoro
HR,Bjelovar
HR,Cakovec
HR,Dubrovnik
HR,Karlovac
HR,Koprivnica
HR,Osijek
HR,Pozega
HR,Pula
HR,Rijeka
HR,Samobor
HR,Sesvete
HR,Sibenik
HR,Sisak
HR,Slavonski Brod
HR,Solin
HR,Split
HR,Stenjevec
HR,Varazdin
HR,Velika Gorica
HR,Vinkovci
HR,Virovitica
HR,Vukovar
HR,Zadar
HR,Zagreb
HR,Zagreb - Centar
HR,Zapresic
HT,Carrefour
HT,Croix des Bouquets
HT,Delmas 73
HT,Desarmes
HT,Fond Parisien
HT,Gonayiv
HT,Grangwav
HT,Gressier
HT,Hinche
HT,Jacmel
HT,Jeremie
HT,Kenscoff
HT,Lenbe
HT,Leogane
HT,Les Cayes
HT,Miragoane
HT,Okap
HT,Petionville
HT,Port-au-Prince
HT,Port-de-Paix
HT,Saint-Marc
HT,Saint-Raphael
HT,Thomazeau
HT,Ti Port-de-Paix
HT,Tigwav
HT,Verrettes
HU,Abony
HU,Ajka
HU,Baja
HU,Balassagyarmat
HU,Balmazujvaros
HU,Bekes
HU,Bekescsaba
HU,Berettyoujfalu
HU,Budaors
HU,Budapest
HU,Budapest I. keruelet
HU,Budapest II. keruelet
HU,Budapest III. keruelet
HU,Budapest IV. keruelet
HU,Budapest IX. keruelet
HU,Budapest VI. keruelet
HU,Budapest VII. keruelet
HU,Budapest VIII. keruelet
HU,Budapest X. keruelet
HU,Budapest XI. keruelet
HU,Budapest XII. keruelet
HU,Budapest XIII. keruelet
HU,Budapest XIV. keruelet
HU,Budapest XIX. keruelet
HU,Budapest XV. keruelet
HU,Budapest XVI. keruelet
HU,Budapest XVII. keruelet
HU,Budapest XVIII. keruelet
HU,Budapest XX. keruelet
HU,Budapest XXI. keruelet
HU,Budapest XXII. keruelet
HU,Budapest XXIII. keruelet
HU,Cegled
HU,Csongrad
HU,Dabas
HU,Debrecen
HU,Dombovar
HU,Dunaharaszti
HU,Dunakeszi
HU,Dunaujvaros
HU,Eger
HU,Erd
HU,Esztergom
HU,Fot
HU,God
HU,Godollo
HU,Gyal
HU,Gyomaendrod
HU,Gyongyos
HU,Gyor
HU,Gyula
HU,Hajduboszormeny
HU,Hajdunanas
HU,Hajduszoboszlo
HU,Hatvan
HU,Hodmezovasarhely
HU,Jaszbereny
HU,Kalocsa
HU,Kaposvar
HU,Karcag
HU,Kazincbarcika
HU,Kecskemet
HU,Keszthely
HU,Kiskoros
HU,Kiskunfelegyhaza
HU,Kiskunhalas
HU,Kisvarda
HU,Komarom
HU,Komlo
HU,Mako
HU,Mateszalka
HU,Mezokovesd
HU,Mezotur
HU,Miskolc
HU,Mohacs
HU,Monor
HU,Mosonmagyarovar
HU,Nagykanizsa
HU,Nagykoros
HU,Nyiregyhaza
HU,Oroshaza
HU,Oroszlany
HU,Ozd
HU,Paks
HU,Papa
HU,Paradsasvar
HU,Pecs
HU,Puspokladany
HU,Salgotarjan
HU,Sarvar
HU,Satoraljaujhely
HU,Siofok
HU,Sopron
HU,Szarvas
HU,Szazhalombatta
HU,Szeged
HU,Szekesfehervar
HU,Szekszard
HU,Szentendre
HU,Szentes
HU,Szigetszentmiklos
HU,Szolnok
HU,Szombathely
HU,Tapolca
HU,Tata
HU,Tatabanya
HU,Tiszaujvaros
HU,Torokszentmiklos
HU,Vac
HU,Varpalota
HU,Vecses
HU,Veszprem
HU,Zalaegerszeg
ID,Adiwerna
ID,Ambon
ID,Astanajapura
ID,Balikpapan
ID,Banda Aceh
ID,Bandarlampung
ID,Bandung
ID,Banjaran
ID,Banjarmasin
ID,Baturaja
ID,Bekasi
ID,Bengkulu
ID,Binjai
ID,Bitung
ID,Blitar
ID,Bogor
ID,Ciampea
ID,Cibinong
ID,Cikampek
ID,Cikupa
ID,Cileungsir
ID,Cimahi
ID,Ciputat
ID,Cirebon
ID,City of Balikpapan
ID,Curug
ID,Denpasar
ID,Depok
ID,Dumai
ID,Gorontalo
ID,Jakarta
ID,Jambi City
ID,Jayapura
ID,Jember
ID,Jombang
ID,Kediri
ID,Kendari
ID,Kisaran
ID,Klaten
ID,Kupang
ID,Labuhanbajo
ID,Lawang
ID,Lembang
ID,Loa Janan
ID,Lubuklinggau
ID,Madiun
ID,Makassar
ID,Malang
ID,Manado
ID,Martapura
ID,Mataram
ID,Medan
ID,Metro
ID,Padang
ID,Palangkaraya
ID,Palembang
ID,Palopo
ID,Palu
ID,Pamulang
ID,Pangkalpinang
ID,Parepare
ID,Parung
ID,Pasarkemis
ID,Paseh
ID,Pasuruan
ID,Pekalongan
ID,Pekanbaru
ID,Pemalang
ID,Pematangsiantar
ID,Perbaungan
ID,Percut
ID,Plumbon
ID,Pontianak
ID,Probolinggo
ID,Purwakarta
ID,Purwodadi
ID,Purwokerto
ID,Rangkasbitung
ID,Rengasdengklok
ID,Salatiga
ID,Samarinda
ID,Semarang
ID,Serang
ID,Sidoarjo
ID,Singaraja
ID,Situbondo
ID,Soreang
ID,Sorong
ID,South Tangerang
ID,Sukabumi
ID,Sumedang Utara
ID,Sunggal
ID,Surabaya
ID,Surakarta
ID,Tangerang
ID,Tanjungbalai
ID,Tanjungpinang
ID,Tasikmalaya
ID,Tegal
ID,Teluknaga
ID,Ungaran
ID,Weru
ID,Yogyakarta
IE,An Muileann gCearr
IE,Athlone
IE,Balbriggan
IE,Blanchardstown
IE,Carlow
IE,Celbridge
IE,Cluain Meala
IE,Cork
IE,Donaghmede
IE,Drogheda
IE,Droichead Nua
IE,Dublin
IE,Dun Laoghaire
IE,Dundalk
IE,Ennis
IE,Finglas
IE,Gaillimh
IE,Kilkenny
IE,Leixlip
IE,Letterkenny
IE,Loch Garman
IE,Lucan
IE,Luimneach
IE,Malahide
IE,Naas
IE,Navan
IE,Sandyford
IE,Sligo
IE,Swords
IE,Tallaght
IE,Tralee
IE,Waterford
IL,'Arad
IL,`Afula `Illit
IL,`Akko
IL,Ariel
IL,Ashdod
IL,Ashqelon
IL,Bat Yam
IL,Beersheba
IL,Bene Beraq
IL,Bet She'an
IL,Bet Shemesh
IL,Daliyat el Karmil
IL,Dimona
IL,Eilat
IL,Er Reina
IL,Et Taiyiba
IL,Giv`at Shemu'el
IL,Giv`atayim
IL,Hadera
IL,Haifa
IL,Herzliyya
IL,Hod HaSharon
IL,Holon
IL,Jerusalem
IL,Judeida Makr
IL,Kafr Kanna
IL,Kafr Manda
IL,Kafr Qasim
IL,Karmi'el
IL,Kfar Saba
IL,Lod
IL,maalot Tarshiha
IL,Maghar
IL,Mevo Betar
IL,Migdal Ha`Emeq
IL,Modiin
IL,Modiin Ilit
IL,Nahariya
IL,Nazareth
IL,Nesher
IL,Ness Ziona
IL,Netanya
IL,Netivot
IL,Ofaqim
IL,Or Yehuda
IL,Petah Tiqwa
IL,Qalansuwa
IL,Qiryat Ata
IL,Qiryat Bialik
IL,Qiryat Gat
IL,Qiryat Mozqin
IL,Qiryat Shemona
IL,Qiryat Yam
IL,Ra'anana
IL,Ramat Gan
IL,Ramat HaSharon
IL,Ramla
IL,Rishon LeZiyyon
IL,Rosh Ha'Ayin
IL,Safed
IL,Sakhnin
IL,Sederot
IL,Tamra
IL,Tel Aviv
IL,Tiberias
IL,Tirah
IL,Tirat Karmel
IL,Umm el Fahm
IL,West Jerusalem
IL,Yafo
IL,Yavne
IL,Yehud
IM,Douglas
IN,Agra
IN,Ahmedabad
IN,Aligarh
IN,Allahabad
IN,Amravati
IN,Amritsar
IN,Aurangabad
IN,Bangalore
IN,Bareilly
IN,Bhavnagar
IN,Bhilai
IN,Bhiwandi
IN,Bhopal
IN,Bhubaneshwar
IN,Bikaner
IN,Borivli
IN,Chandigarh
IN,Chennai
IN,Cochin
IN,Coimbatore
IN,Cuttack
IN,Delhi
IN,Dombivli
IN,Faridabad
IN,Ghaziabad
IN,Gorakhpur
IN,Gorakhpur
IN,Guwahati
IN,Gwalior
IN,Haora
IN,Hubli
IN,Hyderabad
IN,Indore
IN,Jabalpur
IN,Jaipur
IN,Jalandhar
IN,Jamshedpur
IN,Jodhpur
IN,Kalyan
IN,Kanpur
IN,Kolkata
IN,Kota
IN,Lucknow
IN,Ludhiana
IN,Madurai
IN,Meerut
IN,Moradabad
IN,Mumbai
IN,Mysore
IN,Nagpur
IN,Nanded
IN,Nashik
IN,Navi Mumbai
IN,Nowrangapur
IN,Patna
IN,Pimpri
IN,Pune
IN,Raipur
IN,Rajkot
IN,Ranchi
IN,Salem
IN,Sangli
IN,Shivaji Nagar
IN,Solapur
IN,Srinagar
IN,Surat
IN,Teni
IN,Thane
IN,Thiruvananthapuram
IN,Tiruchirappalli
IN,Vadodara
IN,Varanasi
IN,Vijayawada
IN,Visakhapatnam
IN,Warangal
IQ,Abu Ghurayb
IQ,Ad Diwaniyah
IQ,Al `Amarah
IQ,Al Basrah
IQ,Al Basrat al Qadimah
IQ,Al Fallujah
IQ,Al Faw
IQ,Al Harithah
IQ,Al Hayy
IQ,Al Hillah
IQ,Al Hindiyah
IQ,Al Kut
IQ,Al Mawsil al Jadidah
IQ,Al Miqdadiyah
IQ,Al-Hamdaniya
IQ,An Najaf
IQ,An Nasiriyah
IQ,Ar Rumaythah
IQ,As Samawah
IQ,As Sulaymaniyah
IQ,Ash Shamiyah
IQ,Ash Shatrah
IQ,Az Zubayr
IQ,Baghdad
IQ,Baqubah
IQ,Dihok
IQ,Erbil
IQ,Halabjah
IQ,Jamjamal
IQ,Karbala
IQ,Khalis
IQ,Kirkuk
IQ,Kufa
IQ,Mosul
IQ,Ramadi
IQ,Samarra'
IQ,Sinah
IQ,Tozkhurmato
IQ,Umm Qasr
IQ,Zaxo
IR,Abadan
IR,Ahar
IR,Ahvaz
IR,Akbarabad
IR,Aligudarz
IR,Amol
IR,Arak
IR,Ardabil
IR,Azadshahr
IR,Babol
IR,Bam
IR,Bandar 'Abbas
IR,Bandar-e Anzali
IR,Bandar-e Bushehr
IR,Baneh
IR,Behbahan
IR,Behshahr
IR,Birjand
IR,Bojnurd
IR,Bonab
IR,Borazjan
IR,Borujerd
IR,Bukan
IR,Dogonbadan
IR,Fasa
IR,Gonbad-e Kavus
IR,Gorgan
IR,Hamadan
IR,Ilam
IR,Iranshahr
IR,Isfahan
IR,Kahriz
IR,Karaj
IR,Kashan
IR,Kashmar
IR,Kazerun
IR,Kerman
IR,Kermanshah
IR,Khomeyni Shahr
IR,Khorramabad
IR,Khorramshahr
IR,Khvoy
IR,Kuhdasht
IR,Mahabad
IR,Malayer
IR,Marand
IR,Mashhad
IR,Masjed Soleyman
IR,Miandoab
IR,Najafabad
IR,Nazarabad
IR,Nishabur
IR,Orumiyeh
IR,Parsabad
IR,Qarchak
IR,Qazvin
IR,Qom
IR,Qorveh
IR,Quchan
IR,Rafsanjan
IR,Rasht
IR,Sabzevar
IR,Salmas
IR,Sanandaj
IR,Saqqez
IR,Sari
IR,Saveh
IR,Semnan
IR,Shahre Jadide Andisheh
IR,Shahrekord
IR,Shahreza
IR,Shahrud
IR,Shiraz
IR,Sirjan
IR,Tabriz
IR,Tehran
IR,Torbat-e Heydariyeh
IR,Varamin
IR,Yasuj
IR,Yazd
IR,Zabol
IR,Zahedan
IR,Zanjan
IS,Akureyri
IS,Hafnarfjoerdur
IS,Kopavogur
IS,Reykjavik
IT,Acilia-Castel Fusano-Ostia Antica
IT,Afragola
IT,Alessandria
IT,Altamura
IT,Ancona
IT,Andria
IT,Arezzo
IT,Asti
IT,Bari
IT,Barletta
IT,Bergamo
IT,Bologna
IT,Bolzano
IT,Brescia
IT,Brindisi
IT,Busto Arsizio
IT,Cagliari
IT,Carrara
IT,Caserta
IT,Casoria
IT,Castellammare di Stabia
IT,Catania
IT,Catanzaro
IT,Cesena
IT,Cinisello Balsamo
IT,Como
IT,Cosenza
IT,Cremona
IT,Ferrara
IT,Florence
IT,Foggia
IT,Forli
IT,Gela
IT,Genoa
IT,Giugliano in Campania
IT,Grosseto
IT,Guidonia Montecelio
IT,La Spezia
IT,Lamezia Terme
IT,Latina
IT,Lecce
IT,Lido di Ostia
IT,Livorno
IT,Lucca
IT,Marsala
IT,Massa
IT,Messina
IT,Mestre
IT,Milano
IT,Modena
IT,Molfetta
IT,Monza
IT,Napoli
IT,Novara
IT,Padova
IT,Palermo
IT,Parma
IT,Pavia
IT,Perugia
IT,Pesaro
IT,Pescara
IT,Piacenza
IT,Pisa
IT,Pistoia
IT,Prato
IT,Quartu Sant'Elena
IT,Ragusa
IT,Ravenna
IT,Reggio Calabria
IT,Reggio nell'Emilia
IT,Rimini
IT,Rome
IT,Salerno
IT,Sassari
IT,Savona
IT,Sesto San Giovanni
IT,Siracusa
IT,Taranto
IT,Terni
IT,Torre del Greco
IT,Trapani
IT,Trento
IT,Treviso
IT,Trieste
IT,Turin
IT,Udine
IT,Varese
IT,Verona
IT,Vicenza
JE,Saint Helier
JM,Half Way Tree
JM,Kingston
JM,Linstead
JM,Mandeville
JM,May Pen
JM,Montego Bay
JM,New Kingston
JM,Old Harbour
JM,Portmore
JM,Savanna-la-Mar
JM,Spanish Town
JO,'Ajlun
JO,`Anjarah
JO,`Izra
JO,Al Jubayhah
JO,Al Quwaysimah
JO,Amman
JO,Aqaba
JO,Ar Ramtha
JO,As Salt
JO,At Tafilah
JO,Aydun
JO,Irbid
JO,Jarash
JO,Judita
JO,Karak City
JO,Kurayyimah
JO,Ma'an
JO,Madaba
JO,Mafraq
JO,Qir Moav
JO,Russeifa
JO,Safi
JO,Sahab
JO,Umm as Summaq
JO,Wadi as Sir
JO,Zarqa
JP,Ageoshimo
JP,Akashi
JP,Akita
JP,Akita Shi
JP,Amagasaki
JP,Aomori Shi
JP,Asahikawa
JP,Atsugi
JP,Chiba
JP,Chigasaki
JP,Chofugaoka
JP,Fuji
JP,Fujisawa
JP,Fukui-shi
JP,Fukuoka-shi
JP,Fukushima-shi
JP,Fukuyama
JP,Funabashi
JP,Gifu-shi
JP,Hachinohe
JP,Hachioji
JP,Hakodate
JP,Hamamatsu
JP,Himeji
JP,Hirakata
JP,Hiratsuka
JP,Hiroshima-shi
JP,Ibaraki
JP,Ichihara
JP,Ichinomiya
JP,Iwaki
JP,Joetsu
JP,Kagoshima-shi
JP,Kakogawacho-honmachi
JP,Kanazawa-shi
JP,Kashiwa
JP,Kasugai
JP,Kasukabe
JP,Kawagoe
JP,Kawaguchi
JP,Kawasaki
JP,Kishiwada
JP,Kitakyushu
JP,Kobe
JP,Kochi-shi
JP,Koriyama
JP,Koshigaya
JP,Kumamoto
JP,Kurashiki
JP,Kurume
JP,Kyoto
JP,Machida
JP,Maebashi-shi
JP,Matsudo
JP,Matsumoto
JP,Matsuyama
JP,Minami-rinkan
JP,Minato
JP,Mito-shi
JP,Miyazaki-shi
JP,Morioka-shi
JP,Nagano-shi
JP,Nagasaki-shi
JP,Nagoya-shi
JP,Naha-shi
JP,Nara-shi
JP,Neyagawa
JP,Niigata-shi
JP,Nishinomiya-hama
JP,Numazu
JP,Odawara
JP,Oita
JP,Okayama-shi
JP,Okazaki
JP,Osaka-shi
JP,Otsu-shi
JP,Saitama
JP,Sakai
JP,Sapporo
JP,Sasebo
JP,Sendai
JP,Sendai-shi
JP,Shimonoseki
JP,Shizuoka-shi
JP,Soka
JP,Suita
JP,Takamatsu-shi
JP,Takarazuka
JP,Takasaki
JP,Takatsuki
JP,Tokorozawa
JP,Tokushima-shi
JP,Tokyo
JP,Toyama-shi
JP,Toyohashi
JP,Toyonaka
JP,Toyota
JP,Utsunomiya-shi
JP,Wakayama-shi
JP,Yamagata-shi
JP,Yao
JP,Yokkaichi
JP,Yokohama
JP,Yokosuka
JP,Yono
KE,Athi River
KE,Bungoma
KE,Busia
KE,Eldoret
KE,Embu
KE,Garissa
KE,Homa Bay
KE,Isiolo
KE,Kabarnet
KE,Kakamega
KE,Kapenguria
KE,Karuri
KE,Kericho
KE,Keruguya
KE,Kiambu
KE,Kilifi
KE,Kisii
KE,Kisumu
KE,Kitale
KE,Kitui
KE,Lamu
KE,Lodwar
KE,Lugulu
KE,Machakos
KE,Makueni
KE,Malindi
KE,Mandera
KE,Maralal
KE,Marsabit
KE,Mbale
KE,Meru
KE,Migori
KE,Molo
KE,Mombasa
KE,Moyale
KE,Muhoroni
KE,Mumias
KE,Nairobi
KE,Naivasha
KE,Nakuru
KE,Nanyuki
KE,Narok
KE,Nyahururu
KE,Nyeri
KE,Ol Kalou
KE,Pumwani
KE,Rongai
KE,Siaya
KE,Thika
KE,Voi
KE,Wajir
KE,Webuye
KG,At-Bashi
KG,Balykchy
KG,Bazar-Korgon
KG,Bishkek
KG,Cholpon-Ata
KG,Iradan
KG,Isfana
KG,Jalal-Abad
KG,Kant
KG,Kara Suu
KG,Kara-Balta
KG,Karakol
KG,Kyzyl-Kyya
KG,Naryn
KG,Osh
KG,Pokrovka
KG,Sulyukta
KG,Talas
KG,Tash-Kumyr
KG,Tokmok
KG,Toktogul
KG,Uzgen
KH,Ban Lung
KH,Battambang
KH,Kampong Cham
KH,Kampong Chhnang
KH,Kampong Speu
KH,Kampong Thom
KH,Kampot
KH,Koh Kong
KH,Kratie
KH,Lumphat
KH,Pailin
KH,Paoy Pet
KH,Phnom Penh
KH,Phumi Veal Sre
KH,Prey Veng
KH,Pursat
KH,Samraong
KH,Siem Reap
KH,Sihanoukville
KH,Sisophon
KH,Smach Mean Chey
KH,Stung Treng
KH,Svay Rieng
KH,Ta Khmau
KH,Takeo
KH,Tbeng Meanchey
KI,Tarawa
KM,Moroni
KM,Moutsamoudou
KN,Basseterre
KP,Anak
KP,Anbyon-up
KP,Anju
KP,Aoji-ri
KP,Chaeryong-up
KP,Changyon
KP,Chongjin
KP,Chongju
KP,Chunghwa
KP,Haeju
KP,Hamhung
KP,Hoeryong
KP,Hoeyang
KP,Hongwon
KP,Hukkyo-ri
KP,Hungnam
KP,Hwangju-up
KP,Hyesan-dong
KP,Hyesan-si
KP,Iwon-up
KP,Kaesong
KP,Kangdong-up
KP,Kanggye-si
KP,Kapsan-up
KP,Kilju
KP,Kosan
KP,Kowon-up
KP,Kujang-up
KP,Kusong
KP,Kyongsong
KP,Musan-up
KP,Najin
KP,Namp'o
KP,Namyang-dong
KP,Nanam
KP,Ongjin
KP,Onsong
KP,P'yongsong
KP,Pyongyang
KP,Sakchu-up
KP,Samho-rodongjagu
KP,Sariwon
KP,Sil-li
KP,Sinmak
KP,Sinuiju
KP,Sonbong
KP,Songnim
KP,Sunan
KP,Sungho 1-tong
KP,T'ongch'on-up
KP,Uiju
KP,Wonsan
KP,Yonan-up
KP,Yonggwang-up
KP,Yuktae-dong
KR,Andong
KR,Ansan-si
KR,Anyang-si
KR,Asan
KR,Bucheon-si
KR,Busan
KR,Changwon
KR,Cheonan
KR,Cheongju-si
KR,Chinju
KR,Chuncheon
KR,Daegu
KR,Daejeon
KR,Eisen
KR,Gimcheon
KR,Goyang-si
KR,Gumi
KR,Guri-si
KR,Gwangju
KR,Gyeongsan-si
KR,Hanam
KR,Hongsung
KR,Hwado
KR,Hwaseong-si
KR,Icheon-si
KR,Iksan
KR,Incheon
KR,Jeju-si
KR,Jeonju
KR,Kang-neung
KR,Kimhae
KR,Kunsan
KR,Kwangmyong
KR,Kwangyang
KR,Kyonju
KR,Moppo
KR,Namyangju
KR,Osan
KR,Pohang
KR,Seogwipo
KR,Seongnam-si
KR,Seoul
KR,Sokcho
KR,Suncheon
KR,Suwon-si
KR,Tonghae
KR,Uijeongbu-si
KR,Ulsan
KR,Ungsang
KR,Wabu
KR,Wanju
KR,Wonju
KR,Yangju
KR,Yangp'yong
KR,Yeosu
KW,Ad Dasmah
KW,Al Ahmadi
KW,Al Fahahil
KW,Al Farwaniyah
KW,Al Fintas
KW,Al Jahra'
KW,Al Mahbulah
KW,Al Manqaf
KW,Ar Rabiyah
KW,Ar Riqqah
KW,Ar Rumaythiyah
KW,As Salimiyah
KW,Bayan
KW,Hawalli
KW,Janub as Surrah
KW,Kuwait City
KW,Sabah as Salim
KW,Salwa
KY,George Town
KZ,Abay
KZ,Aksu
KZ,Aksu
KZ,Aktau
KZ,Almaty
KZ,Aqsay
KZ,Aqtobe
KZ,Aral
KZ,Arkalyk
KZ,Arys
KZ,Astana
KZ,Atbasar
KZ,Atyrau
KZ,Ayagoz
KZ,Ayteke Bi
KZ,Balqash
KZ,Balyqshy
KZ,Baykonyr
KZ,Burunday
KZ,Dzhetygara
KZ,Ekibastuz
KZ,Embi
KZ,Energeticheskiy
KZ,Esik
KZ,Georgievka
KZ,Kandyagash
KZ,Kapshagay
KZ,Karagandy
KZ,Karatau
KZ,Kentau
KZ,Khromtau
KZ,Kokshetau
KZ,Kostanay
KZ,Kyzyl-Orda
KZ,Kyzylorda
KZ,Lenger
KZ,Lisakovsk
KZ,Oral
KZ,Pavlodar
KZ,Petropavlovsk
KZ,Qulsary
KZ,Ridder
KZ,Rudnyy
KZ,Sarkand
KZ,Saryaghash
KZ,Semey
KZ,Shalkar
KZ,Shalqar
KZ,Shardara
KZ,Shchuchinsk
KZ,Shemonaikha
KZ,Shieli
KZ,Shu
KZ,Shymkent
KZ,Sorang
KZ,Stepnogorsk
KZ,Taldykorgan
KZ,Taldyqorghan
KZ,Talghar
KZ,Taraz
KZ,Tekeli
KZ,Temirtau
KZ,Turkestan
KZ,Ush-Tyube
KZ,Ust-Kamenogorsk
KZ,Zhanaozen
KZ,Zhangaqorghan
KZ,Zhangatas
KZ,Zharkent
KZ,Zhezqazghan
KZ,Zhosaly
KZ,Zyryanovsk
LA,Ban Houakhoua
LA,Louangphabang
LA,Muang Pakxan
LA,Muang Phonsavan
LA,Muang Xay
LA,Pakxe
LA,Phonsavan
LA,Savannakhet
LA,Thakhek
LA,Vangviang
LA,Vientiane
LA,Xam Nua
LB,Baalbek
LB,Bcharre
LB,Beirut
LB,Djounie
LB,En Naqoura
LB,Habbouch
LB,Jbail
LB,Nabatiye et Tahta
LB,Ra's Bayrut
LB,Sidon
LB,Tripoli
LB,Tyre
LB,Zahle
LC,Castries
LI,Vaduz
LK,Ambalangoda
LK,Ampara
LK,Anuradhapura
LK,Badulla
LK,Battaramulla South
LK,Batticaloa
LK,Bentota
LK,Beruwala
LK,Chilaw
LK,Colombo
LK,Dambulla
LK,Eravur Town
LK,Galkissa
LK,Galle
LK,Gampola
LK,Hanwella Ihala
LK,Hatton
LK,Hendala
LK,Homagama
LK,Ja Ela
LK,Jaffna
LK,Kalmunai
LK,Kalutara
LK,Kandana
LK,Kandy
LK,Katunayaka
LK,Kelaniya
LK,Kolonnawa
LK,Kotikawatta
LK,Kurunegala
LK,Maharagama
LK,Matara
LK,Moratuwa
LK,Mulleriyawa
LK,Negombo
LK,Nuwara Eliya
LK,Panadura
LK,Peliyagoda
LK,Pita Kotte
LK,Point Pedro
LK,Puttalam
LK,Ratnapura
LK,Shanjeev Home
LK,Sri Jayewardenepura Kotte
LK,Trincomalee
LK,Valvedditturai
LK,Vavuniya
LK,Wattala
LK,Weligama
LK,Welisara
LR,Bensonville City
LR,Buchanan
LR,Gbarnga
LR,Greenville
LR,Harper City
LR,Kakata
LR,Monrovia
LR,New Yekepa
LR,Voinjama
LR,Zwedru
LS,Butha-Buthe
LS,Leribe
LS,Mafeteng
LS,Maputsoe
LS,Maseru
LS,Mohale's Hoek
LS,Qacha's Nek
LS,Quthing
LT,Aleksotas
LT,Alytus
LT,Dainava (Kaunas)
LT,Druskininkai
LT,Eiguliai
LT,Fabijoniskes
LT,Gargzdai
LT,Jonava
LT,Justiniskes
LT,Kaunas
LT,Kedainiai
LT,Klaipeda
LT,Kretinga
LT,Lazdynai
LT,Marijampole
LT,Mazeikiai
LT,Naujamiestis
LT,Palanga
LT,Panevezys
LT,Pasilaiciai
LT,Pilaite
LT,Plunge
LT,Radviliskis
LT,Rokiskis
LT,Seskine
LT,Siauliai
LT,Silainiai
LT,Silute
LT,Taurage
LT,Telsiai
LT,Ukmerge
LT,Utena
LT,Vilkpede
LT,Vilnius
LT,Visaginas
LU,Dudelange
LU,Esch-sur-Alzette
LU,Luxembourg
LV,Cesis
LV,Daugavpils
LV,Jekabpils
LV,Jelgava
LV,Jurmala
LV,Liepaja
LV,Ogre
LV,Rezekne
LV,Riga
LV,Salaspils
LV,Tukums
LV,Valmiera
LV,Vec-Liepaja
LV,Ventspils
LY,Ajdabiya
LY,Al Abyar
LY,Al Bayda'
LY,Al Jadid
LY,Al Jawf
LY,Al Khums
LY,Al Marj
LY,Al Qubbah
LY,At Taj
LY,Awbari
LY,Az Zawiyah
LY,Az Zintan
LY,Az Zuwaytinah
LY,Bani Walid
LY,Benghazi
LY,Brak
LY,Darnah
LY,Gharyan
LY,Ghat
LY,Hun
LY,Masallatah
LY,Misratah
LY,Mizdah
LY,Murzuq
LY,Nalut
LY,Sabha
LY,Sabratah
LY,Sirte
LY,Suluq
LY,Surman
LY,Tagiura
LY,Tarhuna
LY,Tobruk
LY,Tripoli
LY,Tukrah
LY,Waddan
LY,Yafran
LY,Zaltan
LY,Zawiya
LY,Zliten
LY,Zuwarah
MA,Agadir
MA,Al Hoceima
MA,Azemmour
MA,Azrou
MA,Beni Mellal
MA,Berkane
MA,Berrechid
MA,Casablanca
MA,Chefchaouene
MA,Dakhla
MA,Dakhla
MA,El Aioun
MA,El Jadida
MA,Essaouira
MA,Fes
MA,Fkih Ben Salah
MA,Guelmim
MA,Guercif
MA,Jerada
MA,Kasba Tadla
MA,Kenitra
MA,Khemisset
MA,Khenifra
MA,Khouribga
MA,Ksar el Kebir
MA,Laayoune / El Aaiun
MA,Larache
MA,Marrakesh
MA,Martil
MA,Meknes
MA,Midelt
MA,Mohammedia
MA,Nador
MA,Ouarzazat
MA,Ouazzane
MA,Oued Zem
MA,Oujda
MA,Oulad Teima
MA,Rabat
MA,Safi
MA,Sale
MA,Sefrou
MA,Settat
MA,Sidi Bennour
MA,Sidi Qacem
MA,Sidi Slimane
MA,Sidi Yahia el Gharb
MA,Skhirat
MA,Smara
MA,Souq Larb'a al Gharb
MA,Tan-Tan
MA,Tangier
MA,Taounate
MA,Taourirt
MA,Taroudant
MA,Taza
MA,Tetouan
MA,Tiflet
MA,Tinghir
MA,Tirhanimine
MA,Tiznit
MA,Youssoufia
MA,Zagora
MC,Monaco
MC,Monte-Carlo
MD,Balti
MD,Bender
MD,Bilicenii Vechi
MD,Cahul
MD,Causeni
MD,Ceadir-Lunga
MD,Chisinau
MD,Comrat
MD,Drochia
MD,Dubasari
MD,Edinet
MD,Floresti
MD,Hincesti
MD,Orhei
MD,Ribnita
MD,Slobozia
MD,Soroca
MD,Straseni
MD,Tiraspol
MD,Ungheni
ME,Bar
ME,Bijelo Polje
ME,Budva
ME,Cetinje
ME,Herceg-Novi
ME,Niksic
ME,Pljevlja
ME,Podgorica
MF,Marigot
MG,Alarobia
MG,Ambalavao
MG,Ambanja
MG,Ambarakaraka
MG,Ambato Boeny
MG,Ambatofinandrahana
MG,Ambatolampy
MG,Ambatondrazaka
MG,Ambilobe
MG,Amboanjo
MG,Amboasary
MG,Ambohitrolomahitsy
MG,Ambositra
MG,Ambovombe
MG,Ampahana
MG,Ampanihy
MG,Amparafaravola
MG,Ampasimanolotra
MG,Andapa
MG,Andilamena
MG,Anjozorobe
MG,Ankazoabo
MG,Ankazobe
MG,Ankazondandy
MG,Antalaha
MG,Antananarivo
MG,Antanifotsy
MG,Antsirabe
MG,Antsiranana
MG,Antsohihy
MG,Antsohimbondrona
MG,Arivonimamo
MG,Bealanana
MG,Belo sur Tsiribihina
MG,Beloha
MG,Beroroha
MG,Betafo
MG,Betioky
MG,Fandriana
MG,Farafangana
MG,Faratsiho
MG,Fenoarivo Atsinanana
MG,Fenoarivo Be
MG,Fianarantsoa
MG,Fort Dauphin
MG,Hell-Ville
MG,Ifanadiana
MG,Ihosy
MG,Ikalamavony
MG,Ikongo
MG,Maevatanana
MG,Mahajanga
MG,Mahanoro
MG,Maintirano
MG,Manakara
MG,Mananara
MG,Mananjary
MG,Manjakandriana
MG,Maroantsetra
MG,Marolambo
MG,Marovoay
MG,Miandrarivo
MG,Miandrivazo
MG,Moramanga
MG,Morondava
MG,Nosy Varika
MG,Sadabe
MG,Sahavato
MG,Sakaraha
MG,Sambava
MG,Sitampiky
MG,Soanierana Ivongo
MG,Soanindrariny
MG,Soavinandriana
MG,Toamasina
MG,Toliara
MG,Tsaratanana
MG,Tsiombe
MG,Tsiroanomandidy
MG,Vangaindrano
MG,Vavatenina
MG,Vohibinany
MG,Vohipaho
MG,Vondrozo
MH,Majuro
MK,Bitola
MK,Bogovinje
MK,Brvenica
MK,Butel
MK,Cair
MK,Centar Zupa
MK,Debar
MK,Delcevo
MK,Gevgelija
MK,Gostivar
MK,Ilinden
MK,Kamenjane
MK,Kavadarci
MK,Kicevo
MK,Kisela Voda
MK,Kochani
MK,Kriva Palanka
MK,Kumanovo
MK,Lipkovo
MK,Negotino
MK,Negotino
MK,Ohrid
MK,Prilep
MK,Radovish
MK,Resen
MK,Saraj
MK,Shtip
MK,Skopje
MK,Struga
MK,Strumica
MK,Studenichani
MK,Suto Orizare
MK,Tearce
MK,Tetovo
MK,Veles
MK,Vinica
MK,Zhelino
ML,Bafoulabe
ML,Bamako
ML,Banamba
ML,Bougouni
ML,Djenne
ML,Gao
ML,Kangaba
ML,Kati
ML,Kayes
ML,Kolokani
ML,Koulikoro
ML,Koutiala
ML,Markala
ML,Mopti
ML,Sagalo
ML,San
ML,Segou
ML,Sikasso
ML,Timbuktu
ML,Yorosso
MM,Bago
MM,Bhamo
MM,Bogale
MM,Chauk
MM,Dawei
MM,Hinthada
MM,Hpa-an
MM,Kanbe
MM,Kayan
MM,Kyaikkami
MM,Kyaiklat
MM,Kyaikto
MM,Kyaukse
MM,Lashio
MM,Letpandan
MM,Magway
MM,Mandalay
MM,Martaban
MM,Maubin
MM,Mawlaik
MM,Mawlamyine
MM,Mawlamyinegyunn
MM,Meiktila
MM,Minbu
MM,Mogok
MM,Monywa
MM,Mudon
MM,Myanaung
MM,Myaydo
MM,Myeik
MM,Myingyan
MM,Myitkyina
MM,Nay Pyi Taw
MM,Nyaungdon
MM,Nyaunglebin
MM,Pakokku
MM,Pathein
MM,Paungde
MM,Pyapon
MM,Pyay
MM,Pyin Oo Lwin
MM,Pyinmana
MM,Pyu
MM,Sagaing
MM,Shwebo
MM,Sittwe
MM,Syriam
MM,Taungdwingyi
MM,Taunggyi
MM,Taungoo
MM,Thanatpin
MM,Thanatpin
MM,Tharyarwady
MM,Thaton
MM,Thayetmyo
MM,Thongwa
MM,Twante
MM,Wakema
MM,Yamethin
MM,Yangon
MM,Yenangyaung
MN,Altai
MN,Arvayheer
MN,Baruun-Urt
MN,Bayanhongor
MN,Bayanhongor
MN,Bulgan
MN,Dalandzadgad
MN,Darhan
MN,Dzuunharaa
MN,Erdenet
MN,Hovd
MN,Khovd
MN,Mandalgovi
MN,Murun-kuren
MN,OElgiy
MN,Saynshand
MN,Suhbaatar
MN,Ulaanbaatar
MN,Ulaangom
MN,Uliastay
MN,Zuunmod
MO,Macau
MP,Saipan
MQ,Ducos
MQ,Fort-de-France
MQ,La Trinite
MQ,Le Francois
MQ,Le Lamentin
MQ,Le Robert
MQ,Petite Riviere Salee
MQ,Saint-Joseph
MQ,Sainte-Marie
MR,Aleg
MR,Atar
MR,Kaedi
MR,Kiffa
MR,Nema
MR,Nouadhibou
MR,Nouakchott
MR,Rosso
MR,Selibabi
MR,Tekane
MR,Zouerat
MS,Brades
MT,Birkirkara
MT,Mosta
MT,Qormi
MT,Valletta
MT,Zabbar
MU,Bel Air Riviere Seche
MU,Centre de Flacq
MU,Curepipe
MU,Goodlands
MU,Le Hochet
MU,Mahebourg
MU,Port Louis
MU,Quatre Bornes
MU,Saint Pierre
MU,Triolet
MU,Vacoas
MV,Male
MW,Balaka
MW,Blantyre
MW,Dedza
MW,Karonga
MW,Kasungu
MW,Lilongwe
MW,Liwonde
MW,Mangochi
MW,Mchinji
MW,Mulanje
MW,Mzimba
MW,Mzuzu
MW,Nkhotakota
MW,Nsanje
MW,Rumphi
MW,Salima
MW,Zomba
MX,Acapulco de Juarez
MX,Aguascalientes
MX,Alvaro Obregon
MX,Apodaca
MX,Azcapotzalco
MX,Benito Juarez
MX,Buenavista
MX,Campeche
MX,Cancun
MX,Celaya
MX,Chalco de Diaz Covarrubias
MX,Chihuahua
MX,Chilpancingo de los Bravos
MX,Ciudad Juarez
MX,Ciudad Lopez Mateos
MX,Ciudad Madero
MX,Ciudad Nezahualcoyotl
MX,Ciudad Obregon
MX,Ciudad Victoria
MX,Coacalco
MX,Coatzacoalcos
MX,Colonia del Valle
MX,Coyoacan
MX,Cuajimalpa
MX,Cuauhtemoc
MX,Cuautitlan Izcalli
MX,Cuernavaca
MX,Culiacan
MX,Ecatepec
MX,Ensenada
MX,General Escobedo
MX,Gomez Palacio
MX,Guadalajara
MX,Guadalupe
MX,Gustavo A. Madero
MX,Gustavo A. Madero
MX,Hermosillo
MX,Heroica Matamoros
MX,Irapuato
MX,Ixtapaluca
MX,Iztacalco
MX,Iztapalapa
MX,La Paz
MX,Leon
MX,Los Mochis
MX,Los Reyes La Paz
MX,Magdalena Contreras
MX,Mazatlan
MX,Merida
MX,Metepec
MX,Mexicali
MX,Mexico City
MX,Miguel Hidalgo
MX,Monclova
MX,Monterrey
MX,Morelia
MX,Naucalpan de Juarez
MX,Nicolas Romero
MX,Nogales
MX,Nuevo Laredo
MX,Oaxaca de Juarez
MX,Ojo de Agua
MX,Pachuca de Soto
MX,Poza Rica de Hidalgo
MX,Puebla
MX,Puerto Vallarta
MX,Reynosa
MX,Saltillo
MX,San Luis Potosi
MX,San Miguel Xico Viejo
MX,San Nicolas de los Garza
MX,San Pablo de las Salinas
MX,Santa Catarina
MX,Santa Maria Chimalhuacan
MX,Santiago de Queretaro
MX,Soledad de Graciano Sanchez
MX,Soledad Diez Gutierrez
MX,Tampico
MX,Tampico
MX,Tapachula
MX,Tehuacan
MX,Tepic
MX,Tijuana
MX,Tlahuac
MX,Tlalnepantla
MX,Tlalpan
MX,Tlaquepaque
MX,Toluca
MX,Tonala
MX,Torreon
MX,Tuxtla Gutierrez
MX,Uruapan
MX,Venustiano Carranza
MX,Veracruz
MX,Victoria de Durango
MX,Villahermosa
MX,Xalapa de Enriquez
MX,Xochimilco
MX,Zapopan
MY,Alor Setar
MY,Bandar Labuan
MY,Banting
MY,Batu Gajah
MY,Batu Pahat
MY,Bedong
MY,Bentong Town
MY,Bintulu
MY,Bukit Mertajam
MY,Butterworth
MY,Cukai
MY,Donggongon
MY,George Town
MY,Ipoh
MY,Jitra
MY,Johor Bahru
MY,Kampong Baharu Balakong
MY,Kampong Dungun
MY,Kampong Pangkal Kalong
MY,Kampung Ayer Keroh
MY,Kampung Baharu Nilai
MY,Kampung Baru Subang
MY,Kampung Bukit Baharu
MY,Kampung Pasir Gudang Baru
MY,Kampung Sungai Ara
MY,Kangar
MY,Keningau
MY,Klang
MY,Klebang Besar
MY,Kluang
MY,Kota Bharu
MY,Kota Kinabalu
MY,Kota Tinggi
MY,Kuala Kangsar
MY,Kuala Lumpur
MY,Kuala Selangor
MY,Kuala Terengganu
MY,Kuantan
MY,Kuching
MY,Kulai
MY,Kulim
MY,Lahad Datu
MY,Lumut
MY,Malacca
MY,Mentekab
MY,Miri
MY,Muar
MY,Nibong Tebal
MY,Perai
MY,Petaling Jaya
MY,Pontian Kechil
MY,Port Dickson
MY,Putatan
MY,Putrajaya
MY,Raub
MY,Rawang
MY,Sandakan
MY,Segamat
MY,Semenyih
MY,Semporna
MY,Seremban
MY,Shah Alam
MY,Sibu
MY,Simpang Empat
MY,Skudai
MY,Subang Jaya
MY,Sungai Petani
MY,Taiping
MY,Taman Senai
MY,Tasek Glugor
MY,Tawau
MY,Teluk Intan
MY,Temerluh
MY,Ulu Tiram
MY,Victoria
MZ,Antonio Enes
MZ,Beira
MZ,Chibuto
MZ,Chimoio
MZ,Chokwe
MZ,Cuamba
MZ,Dondo
MZ,Ilha de Mocambique
MZ,Inhambane
MZ,Lichinga
MZ,Macia
MZ,Manjacaze
MZ,Maputo
MZ,Matola
MZ,Maxixe
MZ,Mocimboa
MZ,Montepuez
MZ,Mutuali
MZ,Nacala
MZ,Nampula
MZ,Pemba
MZ,Quelimane
MZ,Ressano Garcia
MZ,Tete
MZ,Xai-Xai
NA,Gobabis
NA,Grootfontein
NA,Katima Mulilo
NA,Keetmanshoop
NA,Luderitz
NA,Okahandja
NA,Oshakati
NA,Otjiwarongo
NA,Rehoboth
NA,Rundu
NA,Swakopmund
NA,Walvis Bay
NA,Windhoek
NC,Dumbea
NC,Mont-Dore
NC,Noumea
NE,Agadez
NE,Alaghsas
NE,Ayorou
NE,Birni N Konni
NE,Dakoro
NE,Diffa
NE,Dogondoutchi
NE,Dosso
NE,Gaya
NE,Illela
NE,Madaoua
NE,Magaria
NE,Maradi
NE,Matamey
NE,Mayahi
NE,Mirriah
NE,Nguigmi
NE,Niamey
NE,Tahoua
NE,Tanout
NE,Tera
NE,Tessaoua
NE,Tibiri
NE,Tillaberi
NE,Zinder
NF,Kingston
NG,Aba
NG,Abakaliki
NG,Abeokuta
NG,Abuja
NG,Ado-Ekiti
NG,Akure
NG,Amaigbo
NG,Awka
NG,Azare
NG,Bama
NG,Bauchi
NG,Benin City
NG,Bida
NG,Birnin Kebbi
NG,Buguma
NG,Calabar
NG,Ebute Ikorodu
NG,Effon Alaiye
NG,Ejigbo
NG,Enugu
NG,Esuk Oron
NG,Funtua
NG,Gashua
NG,Gbongan
NG,Gombe
NG,Gusau
NG,Hadejia
NG,Ibadan
NG,Igboho
NG,Ijebu-Igbo
NG,Ijebu-Ode
NG,Ijero-Ekiti
NG,Ikeja
NG,Ikere-Ekiti
NG,Ikire
NG,Ikirun
NG,Ikot-Ekpene
NG,Ila Orangun
NG,Ilesa
NG,Ilobu
NG,Ilorin
NG,Inisa
NG,Ise-Ekiti
NG,Iwo
NG,Jalingo
NG,Jimeta
NG,Jos
NG,Kaduna
NG,Kano
NG,Katsina
NG,Kisi
NG,Kontagora
NG,Lafia
NG,Lafiagi
NG,Lagos
NG,Maiduguri
NG,Makurdi
NG,Minna
NG,Modakeke
NG,Mubi
NG,Nguru
NG,Nkpor
NG,Nnewi
NG,Nsukka
NG,Offa
NG,Okigwi
NG,Okrika
NG,Ondo
NG,Onitsha
NG,Osogbo
NG,Owerri
NG,Owo
NG,Oyo
NG,Pindiga
NG,Port Harcourt
NG,Saki
NG,Sapele
NG,Shagamu
NG,Sokoto
NG,Suleja
NG,Ugep
NG,Umuahia
NG,Uromi
NG,Uyo
NG,Warri
NG,Zaria
NI,Bluefields
NI,Boaco
NI,Camoapa
NI,Chichigalpa
NI,Chinandega
NI,Ciudad Sandino
NI,Corinto
NI,Diriamba
NI,El Crucero
NI,El Viejo
NI,Esteli
NI,Granada
NI,Jalapa
NI,Jinotega
NI,Jinotepe
NI,Juigalpa
NI,La Paz Centro
NI,Leon
NI,Managua
NI,Masatepe
NI,Masaya
NI,Matagalpa
NI,Nagarote
NI,Nandaime
NI,Nueva Guinea
NI,Ocotal
NI,Puerto Cabezas
NI,Rama
NI,Rio Blanco
NI,Rivas
NI,San Marcos
NI,San Rafael del Sur
NI,Siuna
NI,Somotillo
NI,Somoto
NI,Tipitapa
NL,'s-Hertogenbosch
NL,Alkmaar
NL,Almelo
NL,Almere Stad
NL,Alphen aan den Rijn
NL,Amersfoort
NL,Amstelveen
NL,Amsterdam
NL,Amsterdam-Zuidoost
NL,Apeldoorn
NL,Arnhem
NL,Assen
NL,Barendrecht
NL,Barneveld
NL,Bergen op Zoom
NL,Best
NL,Beverwijk
NL,Borger
NL,Born
NL,Boxtel
NL,Breda
NL,Brunssum
NL,Bussum
NL,Capelle aan den IJssel
NL,Castricum
NL,Culemborg
NL,Dalfsen
NL,De Bilt
NL,Delfshaven
NL,Delft
NL,Delfzijl
NL,Den Helder
NL,Deventer
NL,Doetinchem
NL,Dordrecht
NL,Drachten
NL,Drimmelen
NL,Dronten
NL,Ede
NL,Eindhoven
NL,Emmeloord
NL,Emmen
NL,Enschede
NL,Epe
NL,Ermelo
NL,Geldrop
NL,Goes
NL,Gorinchem
NL,Gouda
NL,Groningen
NL,Haarlem
NL,Hardenberg
NL,Harderwijk
NL,Heemskerk
NL,Heerenveen
NL,Heerhugowaard
NL,Heerlen
NL,Heesch
NL,Helmond
NL,Hengelo
NL,Heusden
NL,Hilversum
NL,Hoofddorp
NL,Hoogeveen
NL,Hoorn
NL,Horst
NL,Houten
NL,Huizen
NL,IJsselstein
NL,Kampen
NL,Kerkrade
NL,Krimpen aan den IJssel
NL,Leeuwarden
NL,Leiden
NL,Leiderdorp
NL,Lelystad
NL,Leusden
NL,Maarssen
NL,Maassluis
NL,Maastricht
NL,Medemblik
NL,Meppel
NL,Middelburg
NL,Mijdrecht
NL,Nieuwegein
NL,Nijkerk
NL,Nijmegen
NL,Oisterwijk
NL,Oldenzaal
NL,Oosterhout
NL,Oss
NL,Papendrecht
NL,Purmerend
NL,Ridderkerk
NL,Rijswijk
NL,Roermond
NL,Roosendaal
NL,Rotterdam
NL,Schiedam
NL,Sittard
NL,Sneek
NL,Soest
NL,Spijkenisse
NL,Terneuzen
NL,The Hague
NL,Tiel
NL,Tilburg
NL,Uden
NL,Uithoorn
NL,Utrecht
NL,Valkenswaard
NL,Veendam
NL,Veenendaal
NL,Veldhoven
NL,Velsen-Zuid
NL,Venlo
NL,Venray
NL,Vlaardingen
NL,Vlissingen
NL,Voorburg
NL,Waalwijk
NL,Wageningen
NL,Weert
NL,Werkendam
NL,Wijchen
NL,Winterswijk
NL,Woerden
NL,Ypenburg
NL,Zaandam
NL,Zaanstad
NL,Zaltbommel
NL,Zeist
NL,Zevenaar
NL,Zoetermeer
NL,Zutphen
NL,Zwijndrecht
NL,Zwolle
NO,Alesund
NO,Arendal
NO,Askoy
NO,Bergen
NO,Bodo
NO,Drammen
NO,Fredrikstad
NO,Gjovik
NO,Halden
NO,Hamar
NO,Harstad
NO,Haugesund
NO,Horten
NO,Kongsberg
NO,Kristiansand
NO,Kristiansund
NO,Larvik
NO,Lillehammer
NO,Mo i Rana
NO,Molde
NO,Moss
NO,Oslo
NO,Porsgrunn
NO,Sandefjord
NO,Sandnes
NO,Sarpsborg
NO,Skien
NO,Stavanger
NO,Steinkjer
NO,Tonsberg
NO,Tromso
NO,Trondheim
NO,Ytrebygda
NP,Baglung
NP,Banepa
NP,Bhadrapur
NP,Bhairahawa
NP,Bharatpur
NP,Biratnagar
NP,Birendranagar
NP,Birganj
NP,Butwal
NP,Dadeldhura
NP,Dailekh
NP,Darchula
NP,Dhangarhi
NP,Dhankuta
NP,Dharan Bazar
NP,Dipayal
NP,Gaur
NP,Gulariya
NP,Hitura
NP,Ilam
NP,Ithari
NP,Jaleswar
NP,Janakpur
NP,Kathmandu
NP,Khandbari
NP,Kirtipur
NP,Lahan
NP,Mahendranagar
NP,Malangwa
NP,Nepalgunj
NP,Panaoti
NP,Patan
NP,Pokhara
NP,Rajbiraj
NP,Siraha
NP,Tansen
NP,Tikapur
NP,Tulsipur
NP,Waling
NU,Alofi
NZ,Ashburton
NZ,Auckland
NZ,Blenheim
NZ,Cambridge
NZ,Christchurch
NZ,Dunedin
NZ,Gisborne
NZ,Hamilton
NZ,Hastings
NZ,Invercargill
NZ,Levin
NZ,Lower Hutt
NZ,Mangere
NZ,Manukau City
NZ,Masterton
NZ,Napier
NZ,Nelson
NZ,New Plymouth
NZ,North Shore
NZ,Palmerston North
NZ,Papakura
NZ,Paraparaumu
NZ,Porirua
NZ,Pukekohe East
NZ,Rotorua
NZ,Taradale
NZ,Taupo
NZ,Tauranga
NZ,Timaru
NZ,Upper Hutt
NZ,Waitakere
NZ,Wanganui
NZ,Wellington
NZ,Whakatane
NZ,Whangarei
OM,`Ibri
OM,Adam
OM,Al Buraymi
OM,Al Khaburah
OM,Al Liwa'
OM,Al Sohar
OM,As Sib al Jadidah
OM,As Suwayq
OM,Badiyah
OM,Bahla'
OM,Barka'
OM,Bawshar
OM,Bidbid
OM,Ibra'
OM,Izki
OM,Khasab
OM,Muscat
OM,Nizwa
OM,Rustaq
OM,Saham
OM,Salalah
OM,Shinas
OM,Sufalat Sama'il
OM,Sur
OM,Yanqul
PA,Aguadulce
PA,Alcaldediaz
PA,Arraijan
PA,Cativa
PA,Changuinola
PA,Chepo
PA,Chilibre
PA,Chitre
PA,Colon
PA,David
PA,La Cabima
PA,La Chorrera
PA,La Concepcion
PA,Las Cumbres
PA,Nuevo Arraijan
PA,Pacora
PA,Panama
PA,Pedregal
PA,Puerto Armuelles
PA,San Miguelito
PA,Santiago de Veraguas
PA,Tocumen
PA,Veracruz
PA,Vista Alegre
PE,Abancay
PE,Arequipa
PE,Ayacucho
PE,Barranca
PE,Cajamarca
PE,Callao
PE,Catacaos
PE,Cerro de Pasco
PE,Chepen
PE,Chiclayo
PE,Chimbote
PE,Chincha Alta
PE,Chosica
PE,Chulucanas
PE,Cusco
PE,Huacho
PE,Huancavelica
PE,Huancayo
PE,Huanuco
PE,Huaral
PE,Huaraz
PE,Ica
PE,Ilo
PE,Iquitos
PE,Jaen
PE,Juanjui
PE,Juliaca
PE,Lambayeque
PE,Lima
PE,Moquegua
PE,Moyobamba
PE,Paita
PE,Picsi
PE,Pisco
PE,Piura
PE,Pucallpa
PE,Puerto Maldonado
PE,Puno
PE,San Isidro
PE,Sullana
PE,Surco
PE,Tacna
PE,Talara
PE,Tambopata
PE,Tarma
PE,Tingo Maria
PE,Trujillo
PE,Tumbes
PE,Yurimaguas
PE,Zana
PF,Faaa
PF,Papeete
PF,Punaauia
PG,Arawa
PG,Bulolo
PG,Daru
PG,Goroka
PG,Kimbe
PG,Kokopo
PG,Lae
PG,Madang
PG,Mendi
PG,Mount Hagen
PG,Popondetta
PG,Port Moresby
PG,Wewak
PH,Angeles City
PH,Antipolo
PH,Bacolod City
PH,Bacoor
PH,Bago City
PH,Baguio
PH,Baliuag
PH,Batangas
PH,Binangonan
PH,Budta
PH,Bulaon
PH,Butuan
PH,Cabanatuan City
PH,Cadiz
PH,Cagayan de Oro
PH,Cainta
PH,Calamba
PH,Cavite City
PH,Cebu City
PH,Cotabato
PH,Dasmarinas
PH,Davao
PH,Digos
PH,Dumaguete
PH,General Santos
PH,Guyong
PH,Hagonoy
PH,Iligan City
PH,Iloilo
PH,Imus
PH,Jolo
PH,Kabankalan
PH,Koronadal
PH,Laoag
PH,Lapu-Lapu City
PH,Legaspi
PH,Libertad
PH,Lipa City
PH,Lucena
PH,Mabalacat City
PH,Makati City
PH,Malingao
PH,Malolos
PH,Mandaluyong City
PH,Mandaue City
PH,Manila
PH,Mansilingan
PH,Mantampay
PH,Marawi City
PH,Mati
PH,Meycauayan
PH,Muricay
PH,Naga
PH,Olongapo
PH,Ormoc
PH,Pagadian
PH,Panalanoy
PH,Pasig City
PH,Puerto Princesa
PH,Pulong Santa Cruz
PH,Quezon City
PH,Rodriguez
PH,Roxas City
PH,San Fernando
PH,San Jose
PH,San Jose del Monte
PH,San Juan
PH,San Mateo
PH,San Pablo
PH,San Pedro
PH,Santa Cruz
PH,Santa Rosa
PH,Santiago
PH,Santol
PH,Silang
PH,Taguig
PH,Tagum
PH,Talisay
PH,Tanza
PH,Tarlac City
PH,Taytay
PH,Toledo
PH,Tuguegarao City
PH,Urdaneta
PH,Zamboanga
PK,Abbottabad
PK,Ahmadpur East
PK,Bahawalnagar
PK,Bahawalnagar
PK,Bahawalpur
PK,Bhimbar
PK,Burewala
PK,Chiniot
PK,Chishtian Mandi
PK,Dadu
PK,Daska
PK,Dera Ghazi Khan
PK,Faisalabad
PK,Gojra
PK,Gujranwala
PK,Gujrat
PK,Hafizabad
PK,Hyderabad
PK,Islamabad
PK,Jacobabad
PK,Jaranwala
PK,Jhang Sadr
PK,Jhelum
PK,Kamalia
PK,Kamoke
PK,Karachi
PK,Kasur
PK,Khairpur
PK,Khanpur
PK,Khushab
PK,Kohat
PK,Kot Addu
PK,Kotli
PK,Lahore
PK,Larkana
PK,Malir Cantonment
PK,Mandi Bahauddin
PK,Mardan
PK,Mingora
PK,Mirpur Khas
PK,Multan
PK,Muridke
PK,Muzaffarabad
PK,Muzaffargarh
PK,Nawabshah
PK,Okara
PK,Pakpattan
PK,Peshawar
PK,Quetta
PK,Rawalpindi
PK,Sadiqabad
PK,Sahiwal
PK,Sargodha
PK,Shahkot
PK,Sheikhupura
PK,Shikarpur
PK,Sialkot
PK,Sukkur
PK,Tando Adam
PK,Tando Allahyar
PK,Vihari
PK,Wazirabad
PL,Bedzin
PL,Belchatow
PL,Bemowo
PL,Biala Podlaska
PL,Bialoleka
PL,Bialystok
PL,Bielany
PL,Bielsko-Biala
PL,Bydgoszcz
PL,Bytom
PL,Chelm
PL,Chorzow
PL,Ciechanow
PL,Czestochowa
PL,Dabrowa Gornicza
PL,Debica
PL,Elblag
PL,Elk
PL,Fordon
PL,Gdansk
PL,Gdynia
PL,Gliwice
PL,Glogow
PL,Gniezno
PL,Gorzow Wielkopolski
PL,Grudziadz
PL,Inowroclaw
PL,Jastrzebie Zdroj
PL,Jaworzno
PL,Jelenia Gora
PL,Kalisz
PL,Katowice
PL,Kedzierzyn-Kozle
PL,Kielce
PL,Kolobrzeg
PL,Konin
PL,Koszalin
PL,Krakow
PL,Krosno
PL,Kutno
PL,Legionowo
PL,Legnica
PL,Leszno
PL,Lodz
PL,Lomza
PL,Lubin
PL,Lublin
PL,Mielec
PL,Mokotow
PL,Myslowice
PL,Nowy Sacz
PL,Nysa
PL,Ochota
PL,Olsztyn
PL,Opole
PL,Ostroleka
PL,Ostrow Wielkopolski
PL,Ostrowiec Swietokrzyski
PL,Pabianice
PL,Piekary Slaskie
PL,Pila
PL,Piotrkow Trybunalski
PL,Plock
PL,Poznan
PL,Praga Polnoc
PL,Praga Poludnie
PL,Pruszkow
PL,Przemysl
PL,Pulawy
PL,Raciborz
PL,Radom
PL,Radomsko
PL,Ruda Slaska
PL,Rumia
PL,Rybnik
PL,Rzeszow
PL,Siedlce
PL,Siemianowice Slaskie
PL,Sieradz
PL,Skarzysko-Kamienna
PL,Skierniewice
PL,Slupsk
PL,Sosnowiec
PL,Srodmiescie
PL,Stalowa Wola
PL,Starachowice
PL,Stargard Szczecinski
PL,Starogard Gdanski
PL,Suwalki
PL,Swidnica
PL,Swietochlowice
PL,Szczecin
PL,Targowek
PL,Tarnobrzeg
PL,Tarnow
PL,Tarnowskie Gory
PL,Tczew
PL,Tomaszow Mazowiecki
PL,Torun
PL,Tychy
PL,Ursus
PL,Ursynow
PL,Walbrzych
PL,Warsaw
PL,Wawer
PL,Wejherowo
PL,Wloclawek
PL,Wodzislaw Slaski
PL,Wola
PL,Wroclaw
PL,Zabrze
PL,Zamosc
PL,Zawiercie
PL,Zdunska Wola
PL,Zgierz
PL,Zielona Gora
PL,Zoliborz
PL,Zory
PM,Saint-Pierre
PN,Adamstown
PR,Adjuntas
PR,Aguadilla
PR,Arecibo
PR,Barceloneta
PR,Bayamon
PR,Caguas
PR,Candelaria
PR,Carolina
PR,Catano
PR,Cayey
PR,Fajardo
PR,Guayama
PR,Guaynabo
PR,Humacao
PR,Levittown
PR,Manati
PR,Mayagueez
PR,Ponce
PR,San Juan
PR,Trujillo Alto
PR,Vega Baja
PR,Yauco
PS,`Abasan al Kabirah
PS,Al `Ayzariyah
PS,Al Birah
PS,Al Burayj
PS,Al Qararah
PS,Al Yamun
PS,An Nusayrat
PS,Ar Ram wa Dahiyat al Barid
PS,As Samu`
PS,Az Zahiriyah
PS,Az Zuwaydah
PS,Balatah
PS,Bani Na`im
PS,Bani Suhayla
PS,Bayt Hanun
PS,Bayt Jala
PS,Bayt Lahya
PS,Bethlehem
PS,Dayr al Balah
PS,Dura
PS,East Jerusalem
PS,Gaza
PS,Halhul
PS,Hebron
PS,Idhna
PS,Jabalya
PS,Janin
PS,Jericho
PS,Khan Yunis
PS,Nablus
PS,Old City
PS,Qabatiyah
PS,Qalqilyah
PS,Rafah
PS,Ramallah
PS,Sa`ir
PS,Tubas
PS,Tulkarm
PS,Yuta
PT,Aguas Santas
PT,Albufeira
PT,Alcabideche
PT,Alges
PT,Almada
PT,Amadora
PT,Amora
PT,Arrentela
PT,Aveiro
PT,Baguim do Monte
PT,Barcelos
PT,Barreiro
PT,Beja
PT,Belas
PT,Bougado
PT,Braga
PT,Braganca
PT,Cacem
PT,Caldas da Rainha
PT,Camara de Lobos
PT,Camarate
PT,Canidelo
PT,Caparica
PT,Carcavelos
PT,Carnaxide
PT,Cascais
PT,Castelo Branco
PT,Charneca
PT,Coimbra
PT,Corroios
PT,Covilha
PT,Custoias
PT,Entroncamento
PT,Ermesinde
PT,Esposende
PT,Esposende
PT,Estoril
PT,Evora
PT,Fafe
PT,Fanzeres
PT,Faro
PT,Feira
PT,Funchal
PT,Gondomar
PT,Guarda
PT,Guimaraes
PT,Ilhavo
PT,Lagos
PT,Laranjeiro
PT,Leca da Palmeira
PT,Leca do Bailio
PT,Leiria
PT,Linda-a-Velha
PT,Lisbon
PT,Loule
PT,Loures
PT,Maia
PT,Marinha Grande
PT,Matosinhos
PT,Moita
PT,Moncao
PT,Monsanto
PT,Monte Estoril
PT,Montijo
PT,Odivelas
PT,Olhao
PT,Oliveira do Douro
PT,Ovar
PT,Paco de Arcos
PT,Palmela
PT,Parede
PT,Pedroso
PT,Peniche
PT,Piedade
PT,Pinhal Novo
PT,Pombal
PT,Ponta Delgada
PT,Ponte de Lima
PT,Pontinha
PT,Portalegre
PT,Portimao
PT,Porto
PT,Povoa de Santa Iria
PT,Povoa de Varzim
PT,Quarteira
PT,Queluz
PT,Ramada
PT,Rio de Mouro
PT,Rio Tinto
PT,Sacavem
PT,Santa Iria da Azoia
PT,Santarem
PT,Sao Domingos de Rana
PT,Sao Joao da Madeira
PT,Sao Joao da Talha
PT,Sao Mamede de Infesta
PT,Sao Pedro da Cova
PT,Senhora da Hora
PT,Sequeira
PT,Sesimbra
PT,Setubal
PT,Sintra
PT,Tomar
PT,Torres Vedras
PT,Valongo
PT,Vialonga
PT,Viana do Castelo
PT,Vila do Conde
PT,Vila Franca de Xira
PT,Vila Nova de Gaia
PT,Vila Real
PT,Vilar de Andorinho
PT,Viseu
PW,Melekeok
PY,Asuncion
PY,Caacupe
PY,Caaguazu
PY,Caazapa
PY,Capiata
PY,Ciudad del Este
PY,Colonia Mariano Roque Alonso
PY,Concepcion
PY,Coronel Oviedo
PY,Encarnacion
PY,Fernando de la Mora
PY,Ita
PY,Itaugua
PY,Lambare
PY,Limpio
PY,Nemby
PY,Pedro Juan Caballero
PY,Pilar
PY,Presidente Franco
PY,San Antonio
PY,San Juan Bautista
PY,San Lorenzo
PY,Villa Elisa
PY,Villa Hayes
PY,Villarrica
QA,Al Khawr
QA,Al Wakrah
QA,Ar Rayyan
QA,Doha
QA,Umm Salal Muhammad
RE,La Possession
RE,Le Port
RE,Le Tampon
RE,Piton Saint-Leu
RE,Saint-Andre
RE,Saint-Benoit
RE,Saint-Denis
RE,Saint-Joseph
RE,Saint-Leu
RE,Saint-Louis
RE,Saint-Paul
RE,Saint-Pierre
RE,Sainte-Marie
RE,Sainte-Suzanne
RO,Aiud
RO,Alba Iulia
RO,Alexandria
RO,Arad
RO,Bacau
RO,Baia Mare
RO,Baia Mare
RO,Bals
RO,Barlad
RO,Bistrita
RO,Blaj
RO,Borsa
RO,Botosani
RO,Braila
RO,Brasov
RO,Bucharest
RO,Buftea
RO,Buzau
RO,Campia Turzii
RO,Campina
RO,Caracal
RO,Caransebes
RO,Carei
RO,Cluj-Napoca
RO,Codlea
RO,Comanesti
RO,Constanta
RO,Craiova
RO,Cugir
RO,Curtea de Arges
RO,Dej
RO,Deva
RO,Dorohoi
RO,Dragasani
RO,Drobeta-Turnu Severin
RO,Falticeni
RO,Fetesti
RO,Fetesti-Gara
RO,Focsani
RO,Fogarasch
RO,Galati
RO,Gherla
RO,Giurgiu
RO,Hunedoara
RO,Husi
RO,Iasi
RO,Lugoj
RO,Lupeni
RO,Mangalia
RO,Medgidia
RO,Medias
RO,Miercurea-Ciuc
RO,Mioveni
RO,Moinesti
RO,Moreni
RO,Motru
RO,Navodari
RO,Odorheiu Secuiesc
RO,Oltenita
RO,Oradea
RO,Orastie
RO,Pascani
RO,Petrila
RO,Petrosani
RO,Piatra Neamt
RO,Pitesti
RO,Ploiesti
RO,Radauti
RO,Ramnicu Sarat
RO,Ramnicu Valcea
RO,Reghin-Sat
RO,Resita
RO,Roman
RO,Rosiori de Vede
RO,Sacele
RO,Satu Mare
RO,Sebes
RO,Sfantu-Gheorghe
RO,Sibiu
RO,Sighetu Marmatiei
RO,Sighisoara
RO,Slatina
RO,Slobozia
RO,Suceava
RO,Targoviste
RO,Targu Jiu
RO,Targu Neamt
RO,Targu-Mures
RO,Tarnaveni
RO,Tecuci
RO,Timisoara
RO,Tulcea
RO,Turda
RO,Turnu Magurele
RO,Vaslui
RO,Voluntari
RO,Vulcan
RO,Zalau
RO,Zarnesti
RS,Apatin
RS,Arangelovac
RS,Backa Palanka
RS,Backa Topola
RS,Becej
RS,Belgrade
RS,Bor
RS,Cacak
RS,Cuprija
RS,Gornji Milanovac
RS,Ingija
RS,Jagodina
RS,Kikinda
RS,Knjazevac
RS,Kragujevac
RS,Kraljevo
RS,Krusevac
RS,Lazarevac
RS,Leskovac
RS,Negotin
RS,Nis
RS,Nova Pazova
RS,Novi Pazar
RS,Novi Sad
RS,Obrenovac
RS,Pancevo
RS,Pirot
RS,Pozarevac
RS,Prokuplje
RS,Ruma
RS,Sabac
RS,Senta
RS,Smederevo
RS,Smederevska Palanka
RS,Sombor
RS,Sremcica
RS,Sremska Mitrovica
RS,Stara Pazova
RS,Subotica
RS,Trstenik
RS,Uzice
RS,Valjevo
RS,Vranje
RS,Vrbas
RS,Vrsac
RS,Zajecar
RS,Zemun
RS,Zrenjanin
RU,Angarsk
RU,Arkhangel'sk
RU,Astrakhan'
RU,Barnaul
RU,Belgorod
RU,Blagoveshchensk
RU,Bratsk
RU,Bryansk
RU,Cheboksary
RU,Chelyabinsk
RU,Cherepovets
RU,Chita
RU,Dzerzhinsk
RU,Groznyy
RU,Irkutsk
RU,Ivanovo
RU,Izhevsk
RU,Kaliningrad
RU,Kalininskiy
RU,Kaluga
RU,Kazan
RU,Kemerovo
RU,Khabarovsk
RU,Khabarovsk Vtoroy
RU,Kirov
RU,Komsomolsk-on-Amur
RU,Kostroma
RU,Krasnodar
RU,Krasnogvargeisky
RU,Krasnoyarsk
RU,Kurgan
RU,Kursk
RU,Lipetsk
RU,Magnitogorsk
RU,Makhachkala
RU,Mar'ino
RU,Moscow
RU,Murmansk
RU,Naberezhnyye Chelny
RU,Nal'chik
RU,Nizhnekamsk
RU,Nizhnevartovsk
RU,Nizhniy Novgorod
RU,Nizhniy Tagil
RU,Novokuznetsk
RU,Novorossiysk
RU,Novosibirsk
RU,Omsk
RU,Orel
RU,Orenburg
RU,Orsk
RU,Penza
RU,Perm
RU,Petrozavodsk
RU,Prokop'yevsk
RU,Rostov-na-Donu
RU,Ryazan'
RU,Saint Petersburg
RU,Samara
RU,Saransk
RU,Saratov
RU,Shakhty
RU,Smolensk
RU,Sochi
RU,Staryy Oskol
RU,Stavropol'
RU,Sterlitamak
RU,Surgut
RU,Syktyvkar
RU,Taganrog
RU,Tambov
RU,Tol'yatti
RU,Tomsk
RU,Tula
RU,Tver
RU,Tyumen
RU,Ufa
RU,Ulan-Ude
RU,Ulyanovsk
RU,Vladikavkaz
RU,Vladimir
RU,Vladivostok
RU,Volgograd
RU,Vologda
RU,Volzhskiy
RU,Voronezh
RU,Yakutsk
RU,Yaroslavl
RU,Yekaterinburg
RU,Yoshkar-Ola
RW,Butare
RW,Byumba
RW,Cyangugu
RW,Gisenyi
RW,Gitarama
RW,Kibungo
RW,Kibuye
RW,Kigali
RW,Musanze
RW,Nzega
RW,Rwamagana
SA,'Ar'ar
SA,`Afif
SA,Abha
SA,Abu `Arish
SA,Ad Dawadimi
SA,Ad Dilam
SA,Al Bahah
SA,Al Hufuf
SA,Al Jubayl
SA,Al Khafji
SA,Al Mithnab
SA,Al Mubarraz
SA,Al Qatif
SA,Al Qurayyat
SA,Ar Rass
SA,Ash Shafa
SA,Az Zulfi
SA,Buraydah
SA,Dammam
SA,Dhahran
SA,Hayil
SA,Jeddah
SA,Jizan
SA,Khamis Mushait
SA,Khobar
SA,Mecca
SA,Medina
SA,Najran
SA,Qal`at Bishah
SA,Rabigh
SA,Rahimah
SA,Riyadh
SA,Sabya
SA,Safwa
SA,Sakaka
SA,Sayhat
SA,Sultanah
SA,Ta'if
SA,Tabuk
SA,Tarut
SA,Tubarjal
SA,Turayf
SA,Unaizah
SA,Yanbu` al Bahr
SB,Honiara
SC,Victoria
SD,Abu Jibeha
SD,Ad Douiem
SD,Ad-Damazin
SD,Al Hasaheisa
SD,Al Hawatah
SD,Al Hilaliyya
SD,Al Manaqil
SD,Al Mijlad
SD,Al Qadarif
SD,Al Qitena
SD,An Nuhud
SD,Ar Rahad
SD,Ar Ruseris
SD,As Suki
SD,Atbara
SD,Barah
SD,Berber
SD,Dilling
SD,Doka
SD,Ed Damer
SD,El Bauga
SD,El Daein
SD,El Fasher
SD,El Obeid
SD,Geneina
SD,Kadugli
SD,Kassala
SD,Khartoum
SD,Kinana
SD,Kosti
SD,Kuraymah
SD,Maiurno
SD,Omdurman
SD,Port Sudan
SD,Rabak
SD,Sawakin
SD,Shendi
SD,Singa
SD,Sinnar
SD,Tandalti
SD,Tokar
SD,Umm Ruwaba
SD,Wad Medani
SD,Zalingei
SE,AEngelholm
SE,Akersberga
SE,Alingsas
SE,Arsta
SE,Boden
SE,Boo
SE,Boras
SE,Borlaenge
SE,Bromma
SE,Enkoping
SE,Eskilstuna
SE,Eslov
SE,Falkenberg
SE,Falkoeping
SE,Falun
SE,Gamla Uppsala
SE,Gavle
SE,Goeteborg
SE,Haernoesand
SE,Halmstad
SE,Haninge
SE,Hassleholm
SE,Helsingborg
SE,Huddinge
SE,Huskvarna
SE,Jakobsberg
SE,Jonkoping
SE,Kalmar
SE,Karlshamn
SE,Karlskoga
SE,Karlskrona
SE,Karlstad
SE,Katrineholm
SE,Kiruna
SE,Koping
SE,Kristianstad
SE,Kristinehamn
SE,Kungalv
SE,Kungsbacka
SE,Landskrona
SE,Lerum
SE,Lidingoe
SE,Lidkoping
SE,Linkoping
SE,Lulea
SE,Lund
SE,Majorna
SE,Malmoe
SE,Marsta
SE,Moelndal
SE,Motala
SE,Nacka
SE,Nassjo
SE,Norrkoping
SE,Norrtalje
SE,Nykoping
SE,OEstermalm
SE,Orebro
SE,Ornskoldsvik
SE,Oskarshamn
SE,Ostersund
SE,Partille
SE,Pitea
SE,Rasunda
SE,Sandviken
SE,Skelleftea
SE,Skoevde
SE,Soedertaelje
SE,Sollentuna
SE,Solna
SE,Stockholm
SE,Sundbyberg
SE,Sundsvall
SE,Taby
SE,Trelleborg
SE,Trollhattan
SE,Tullinge
SE,Tumba
SE,Uddevalla
SE,Umea
SE,Upplands Vaesby
SE,Uppsala
SE,Vaestervik
SE,Vaexjoe
SE,Vallentuna
SE,Vanersborg
SE,Varberg
SE,Varnamo
SE,Vasteras
SE,Visby
SE,Ystad
SG,Singapore
SH,Jamestown
SI,Celje
SI,Koper
SI,Kranj
SI,Ljubljana
SI,Maribor
SI,Novo Mesto
SI,Ptuj
SI,Trbovlje
SI,Velenje
SJ,Longyearbyen
SK,Banovce nad Bebravou
SK,Banska Bystrica
SK,Bardejov
SK,Bratislava
SK,Brezno
SK,Cadca
SK,Detva
SK,Dolny Kubin
SK,Dubnica nad Vahom
SK,Dunajska Streda
SK,Galanta
SK,Handlova
SK,Hlohovec
SK,Humenne
SK,Kezmarok
SK,Komarno
SK,Kosice
SK,Kysucke Nove Mesto
SK,Levice
SK,Liptovsky Mikulas
SK,Lucenec
SK,Malacky
SK,Martin
SK,Michalovce
SK,Nitra
SK,Nove Mesto nad Vahom
SK,Nove Zamky
SK,Partizanske
SK,Pezinok
SK,Piestany
SK,Poprad
SK,Povazska Bystrica
SK,Presov
SK,Prievidza
SK,Puchov
SK,Rimavska Sobota
SK,Roznava
SK,Ruzomberok
SK,Sellye
SK,Senica
SK,Skalica
SK,Snina
SK,Spisska Nova Ves
SK,Stara L'ubovna
SK,Trebisov
SK,Trencin
SK,Trnava
SK,Vranov nad Topl'ou
SK,Ziar nad Hronom
SK,Zilina
SK,Zlate Moravce
SK,Zvolen
SL,Bo
SL,Freetown
SL,Kabala
SL,Kenema
SL,Koidu
SL,Lunsar
SL,Makeni
SL,Port Loko
SL,Segbwema
SL,Waterloo
SM,San Marino
SN,Bignona
SN,Dakar
SN,Dara
SN,Grand Dakar
SN,Joal-Fadiout
SN,Kaffrine
SN,Kaolack
SN,Kayar
SN,Kedougou
SN,Kolda
SN,Louga
SN,Mbake
SN,Mekhe
SN,Ndibene Dahra
SN,Nguekhokh
SN,Nioro du Rip
SN,Pikine
SN,Pourham
SN,Pout
SN,Richard-Toll
SN,Saint-Louis
SN,Sedhiou
SN,Tambacounda
SN,Thies Nones
SN,Tiebo
SN,Touba
SN,Velingara
SN,Ziguinchor
SO,Afgooye
SO,Baardheere
SO,Baidoa
SO,Baki
SO,Beledweyne
SO,Berbera
SO,Bosaso
SO,Burao
SO,Buulobarde
SO,Buurhakaba
SO,Ceeldheer
SO,Ceerigaabo
SO,Eyl
SO,Gaalkacyo
SO,Garoowe
SO,Hargeysa
SO,Jamaame
SO,Jawhar
SO,Jilib
SO,Kismayo
SO,Laascaanood
SO,Luuq
SO,Marka
SO,Mogadishu
SO,Qandala
SO,Qoryooley
SO,Wanlaweyn
SR,Lelydorp
SR,Paramaribo
SS,Aweil
SS,Bor
SS,Gogrial
SS,Juba
SS,Malakal
SS,Pajok
SS,Rumbek
SS,Tonj
SS,Torit
SS,Wau
SS,Yambio
SS,Yei
ST,Sao Tome
SV,Acajutla
SV,Aguilares
SV,Ahuachapan
SV,Antiguo Cuscatlan
SV,Apopa
SV,Ayutuxtepeque
SV,Chalatenango
SV,Chalchuapa
SV,Cojutepeque
SV,Cuscatancingo
SV,Delgado
SV,Ilopango
SV,Izalco
SV,La Libertad
SV,La Union
SV,Mejicanos
SV,Metapan
SV,Puerto El Triunfo
SV,Quezaltepeque
SV,San Francisco
SV,San Marcos
SV,San Martin
SV,San Miguel
SV,San Rafael Oriente
SV,San Salvador
SV,San Vicente
SV,Santa Ana
SV,Santa Tecla
SV,Santiago de Maria
SV,Sensuntepeque
SV,Sonsonate
SV,Sonzacate
SV,Soyapango
SV,Usulutan
SV,Zacatecoluca
SX,Philipsburg
SY,'Ayn al 'Arab
SY,`Afrin
SY,`Irbin
SY,Ad Dana
SY,Ad Darbasiyah
SY,Al Bab
SY,Al Harak
SY,Al Hasakah
SY,Al Kiswah
SY,Al Mayadin
SY,Al Qaryatayn
SY,Al Qunaytirah
SY,Al Qusayr
SY,Albu Kamal
SY,Aleppo
SY,An Nabk
SY,Ar Raqqah
SY,Ar Rastan
SY,As Safirah
SY,As Salamiyah
SY,As Sanamayn
SY,As Suwayda'
SY,Ash Shaykh Miskin
SY,At Tall
SY,Ath Thawrah
SY,Az Zabadani
SY,Baniyas
SY,Binnish
SY,Damascus
SY,Dar'a
SY,Darayya
SY,Dayr Hafir
SY,Deir ez-Zor
SY,Douma
SY,Hajin
SY,Halfaya
SY,Hamah
SY,Harasta
SY,Homs
SY,I`zaz
SY,Idlib
SY,Inkhil
SY,Jablah
SY,Jarabulus
SY,Jasim
SY,Jayrud
SY,Jisr ash Shughur
SY,Kafr Laha
SY,Kafr Nubl
SY,Kafr Takharim
SY,Kafr Zayta
SY,Khan Shaykhun
SY,Latakia
SY,Ma`arratmisrin
SY,Manbij
SY,Masyaf
SY,Nubl
SY,Qarah
SY,Qatana
SY,Salqin
SY,Saraqib
SY,Satita
SY,Souran
SY,Subaykhan
SY,Tadif
SY,Tadmur
SY,Tafas
SY,Tall Rif`at
SY,Tallbisah
SY,Tallkalakh
SY,Tartouss
SY,Tayyibat al Imam
SY,Yabrud
SZ,Lobamba
SZ,Manzini
SZ,Mbabane
TC,Cockburn Town
TD,Abeche
TD,Am Timan
TD,Ati
TD,Benoy
TD,Bitkine
TD,Bongor
TD,Doba
TD,Dourbali
TD,Fada
TD,Kelo
TD,Koumra
TD,Kyabe
TD,Lai
TD,Mao
TD,Massaguet
TD,Massakory
TD,Mboursou Lere
TD,Mongo
TD,Moundou
TD,Moussoro
TD,N'Djamena
TD,Oum Hadjer
TD,Pala
TD,Sagh
TF,Port-aux-Francais
TG,Aneho
TG,Atakpame
TG,Badou
TG,Bafilo
TG,Bassar
TG,Dapaong
TG,Kara
TG,Kpalime
TG,Lome
TG,Niamtougou
TG,Notse
TG,Sansanne-Mango
TG,Sokode
TG,Sotouboua
TG,Tchamba
TG,Tsevie
TG,Vogan
TH,Amnat Charoen
TH,Ban Khlong Bang Sao Thong
TH,Ban Lam Luk Ka
TH,Ban Mai
TH,Ban Na
TH,Ban Phaeo
TH,Ban Phai
TH,Ban Pong
TH,Ban Rangsit
TH,Ban Ratsada
TH,Ban Talat Yai
TH,Bang Bua Thong
TH,Bang Kruai
TH,Bang Lamung
TH,Bangkok
TH,Cha-am
TH,Chachoengsao
TH,Chaiyaphum
TH,Chanthaburi
TH,Chiang Mai
TH,Chiang Rai
TH,Chon Buri
TH,Chum Phae
TH,Chumphon
TH,Det Udom
TH,Hat Yai
TH,Hua Hin
TH,Kalasin
TH,Kamphaeng Phet
TH,Kanchanaburi
TH,Kantharalak
TH,Kathu
TH,Khlong Luang
TH,Khon Kaen
TH,Klaeng
TH,Ko Samui
TH,Krabi
TH,Krathum Baen
TH,Lampang
TH,Lamphun
TH,Loei
TH,Lop Buri
TH,Mae Chan
TH,Mae Sot
TH,Maha Sarakham
TH,Mueang Nonthaburi
TH,Mukdahan
TH,Na Klang
TH,Nakhon Pathom
TH,Nakhon Phanom
TH,Nakhon Ratchasima
TH,Nakhon Sawan
TH,Nakhon Si Thammarat
TH,Narathiwat
TH,Nong Bua Lamphu
TH,Nong Khae
TH,Nong Khai
TH,Pak Chong
TH,Pak Kret
TH,Pattani
TH,Phatthalung
TH,Phatthaya
TH,Phetchabun
TH,Phetchaburi
TH,Phichit
TH,Phitsanulok
TH,Photharam
TH,Phra Nakhon Si Ayutthaya
TH,Phra Phutthabat
TH,Phra Pradaeng
TH,Phrae
TH,Phuket
TH,Prachin Buri
TH,Prachuap Khiri Khan
TH,Pran Buri
TH,Ratchaburi
TH,Rayong
TH,Roi Et
TH,Sadao
TH,Sakon Nakhon
TH,Sam Phran
TH,Samut Prakan
TH,Samut Sakhon
TH,Samut Songkhram
TH,San Kamphaeng
TH,Saraburi
TH,Sattahip
TH,Satun
TH,Si Racha
TH,Si Sa Ket
TH,Songkhla
TH,Su-ngai Kolok
TH,Sukhothai
TH,Suphan Buri
TH,Surat Thani
TH,Surin
TH,Tha Bo
TH,Tha Maka
TH,Tha Yang
TH,Trang
TH,Ubon Ratchathani
TH,Udon Thani
TH,Uttaradit
TH,Warin Chamrap
TH,Wichian Buri
TH,Wichit
TH,Yala
TH,Yaring
TJ,Boshkengash
TJ,Chkalov
TJ,Chubek
TJ,Danghara
TJ,Dushanbe
TJ,Farkhor
TJ,Hisor
TJ,Isfara
TJ,Ishqoshim
TJ,Istaravshan
TJ,Khorugh
TJ,Khujand
TJ,Kolkhozobod
TJ,Konibodom
TJ,Kulob
TJ,Norak
TJ,Panjakent
TJ,Proletar
TJ,Qurghonteppa
TJ,Tursunzoda
TJ,Vahdat
TJ,Vakhsh
TJ,Vose'
TJ,Yovon
TL,Aileu
TL,Baucau
TL,Dili
TL,Liquica
TL,Lospalos
TL,Maliana
TL,Maubara
TL,Same
TL,Suai
TL,Venilale
TM,Abadan
TM,Annau
TM,Ashgabat
TM,Atamyrat
TM,Baharly
TM,Balkanabat
TM,Bayramaly
TM,Boldumsaz
TM,Dasoguz
TM,Gazanjyk
TM,Gazojak
TM,Gowurdak
TM,Gumdag
TM,Kaka
TM,Koeneuergench
TM,Mary
TM,Sayat
TM,Seydi
TM,Tagta
TM,Tejen
TM,Turkmenabat
TM,Turkmenbasy
TM,Yoloeten
TM,Yylanly
TN,Akouda
TN,Al `Aliyah
TN,Al Baqalitah
TN,Al Hammamat
TN,Al Marsa
TN,Al Metlaoui
TN,Al Qarmadah
TN,Al Wardanin
TN,Ar Rudayyif
TN,Ariana
TN,Beja
TN,Ben Arous
TN,Beni Khiar
TN,Bizerte
TN,Carthage
TN,Chebba
TN,Dar Chabanne
TN,Dawwar Tinjah
TN,Douane
TN,Douz
TN,El Fahs
TN,El Hamma
TN,El Jem
TN,El Kef
TN,Gabes
TN,Gafsa
TN,Hammam Sousse
TN,Hammam-Lif
TN,Houmt Souk
TN,Jammal
TN,Jendouba
TN,Kairouan
TN,Kasserine
TN,Kebili
TN,Korba
TN,Ksour Essaf
TN,La Goulette
TN,La Mohammedia
TN,La Sebala du Mornag
TN,Mahdia
TN,Majaz al Bab
TN,Manouba
TN,Manzil Bu Zalafah
TN,Masakin
TN,Mateur
TN,Medenine
TN,Menzel Abderhaman
TN,Menzel Bourguiba
TN,Menzel Jemil
TN,Midoun
TN,Monastir
TN,Nabeul
TN,Nefta
TN,Oued Lill
TN,Qal'at al Andalus
TN,Qasr Hallal
TN,Qulaybiyah
TN,Rades
TN,Saqanis
TN,Sfax
TN,Sidi Bouzid
TN,Siliana
TN,Sousse
TN,Tajerouine
TN,Taklisah
TN,Tataouine
TN,Thala
TN,Tozeur
TN,Tunis
TN,Zaghouan
TN,Zarzis
TN,Zouila
TO,Nuku'alofa
TR,Adana
TR,Adapazari
TR,Adiyaman
TR,Afyonkarahisar
TR,Aksaray
TR,Alanya
TR,Ankara
TR,Antakya
TR,Antalya
TR,Atasehir
TR,Aydin
TR,Bagcilar
TR,Bahcelievler
TR,Balikesir
TR,Basaksehir
TR,Batikent
TR,Batman
TR,Beylikduezue
TR,Bueyuekcekmece
TR,Bursa
TR,Cankaya
TR,Corlu
TR,Corum
TR,Denizli
TR,Diyarbakir
TR,Edirne
TR,Elazig
TR,Erzincan
TR,Erzurum
TR,Esenler
TR,Esenyurt
TR,Eskisehir
TR,Gaziantep
TR,Gebze
TR,Inegol
TR,Iskenderun
TR,Istanbul
TR,Izmir
TR,Izmit
TR,Kahramanmaras
TR,Karabaglar
TR,Karaman
TR,Kayseri
TR,Kirikkale
TR,Kiziltepe
TR,Konya
TR,Kutahya
TR,Malatya
TR,Maltepe
TR,Manisa
TR,Mercin
TR,Nazilli
TR,Ordu
TR,Osmaniye
TR,Samsun
TR,Sancaktepe
TR,Sanliurfa
TR,Siirt
TR,Sisli
TR,Sivas
TR,Siverek
TR,Sultanbeyli
TR,Sultangazi
TR,Tarsus
TR,Tekirdag
TR,Tokat
TR,Trabzon
TR,Turhal
TR,UEskuedar
TR,Umraniye
TR,Usak
TR,Van
TR,Viransehir
TR,Zeytinburnu
TT,Arima
TT,Chaguanas
TT,Laventille
TT,Marabella
TT,Mon Repos
TT,Paradise
TT,Point Fortin
TT,Port-of-Spain
TT,Rio Claro
TT,San Fernando
TT,Sangre Grande
TT,Scarborough
TT,Tunapuna
TV,Funafuti
TW,Banqiao
TW,Daxi
TW,Douliu
TW,Hengchun
TW,Hsinchu
TW,Hualian
TW,Jincheng
TW,Kaohsiung
TW,Keelung
TW,Ma-kung
TW,Nantou
TW,Puli
TW,Taichung
TW,Tainan
TW,Taipei
TW,Taitung City
TW,Taoyuan City
TW,Yilan
TZ,Arusha
TZ,Babati
TZ,Bagamoyo
TZ,Bariadi
TZ,Biharamulo
TZ,Bugarama
TZ,Bukoba
TZ,Bunda
TZ,Bungu
TZ,Buseresere
TZ,Chake Chake
TZ,Chala
TZ,Chalinze
TZ,Chanika
TZ,Chato
TZ,Chimala
TZ,Dar es Salaam
TZ,Dodoma
TZ,Geiro
TZ,Geita
TZ,Ifakara
TZ,Igugunu
TZ,Igunga
TZ,Igurusi
TZ,Ilula
TZ,Iringa
TZ,Kahama
TZ,Kakonko
TZ,Kasamwa
TZ,Kasulu
TZ,Katoro
TZ,Katumba
TZ,Kibaha
TZ,Kibiti
TZ,Kibondo
TZ,Kidatu
TZ,Kidodi
TZ,Kigoma
TZ,Kigonsera
TZ,Kilosa
TZ,Kingori
TZ,Kiomboi
TZ,Kirando
TZ,Kisesa
TZ,Kiwira
TZ,Kondoa
TZ,Kyela
TZ,Lalago
TZ,Lindi
TZ,Luchingu
TZ,Lukuledi
TZ,Lushoto
TZ,Mafinga
TZ,Magugu
TZ,Makumbako
TZ,Malinyi
TZ,Maramba
TZ,Masasi
TZ,Masumbwe
TZ,Maswa
TZ,Matai
TZ,Mbeya
TZ,Mbinga
TZ,Merelani
TZ,Mgandu
TZ,Mhango
TZ,Misungwi
TZ,Mkuranga
TZ,Mlandizi
TZ,Mlimba
TZ,Morogoro
TZ,Moshi
TZ,Mpanda
TZ,Mtinko
TZ,Mtwara
TZ,Musoma
TZ,Mvomero
TZ,Mwadui
TZ,Mwanza
TZ,Namanyere
TZ,Nangomba
TZ,Newala Kisimani
TZ,Ngudu
TZ,Nguruka
TZ,Njombe
TZ,Nyalikungu
TZ,Nzega
TZ,Old Shinyanga
TZ,Rujewa
TZ,Rulenge
TZ,Sepuka
TZ,Shelui
TZ,Shinyanga
TZ,Sikonge
TZ,Singida
TZ,Sirari
TZ,Sokoni
TZ,Somanda
TZ,Songea
TZ,Songwa
TZ,Sumbawanga
TZ,Tabora
TZ,Tanga
TZ,Tarime
TZ,Tinde
TZ,Tukuyu
TZ,Tumbi
TZ,Tunduma
TZ,Urambo
TZ,Ushirombo
TZ,Uvinza
TZ,Uyovu
TZ,Vikindu
TZ,Vwawa
TZ,Wete
TZ,Zanzibar
UA,Alchevs'k
UA,Antratsyt
UA,Artemivs'k
UA,Berdyans'k
UA,Berdychiv
UA,Bila Tserkva
UA,Boryspil'
UA,Brovary
UA,Cherkasy
UA,Chernihiv
UA,Chernivtsi
UA,Chervonohrad
UA,Dniprodzerzhyns'k
UA,Dnipropetrovsk
UA,Donetsk
UA,Drohobych
UA,Druzhkivka
UA,Energodar
UA,Feodosiya
UA,Horlivka
UA,Illichivs'k
UA,Ivano-Frankivs'k
UA,Izmayil
UA,Izyum
UA,Kalush
UA,Kamieniec Podolski
UA,Kerch
UA,Kharkiv
UA,Khartsyz'k
UA,Kherson
UA,Khmel'nyts'kyy
UA,Kiev
UA,Kirovohrad
UA,Kolomyya
UA,Konotop
UA,Korosten'
UA,Kostyantynivka
UA,Kovel'
UA,Kramators'k
UA,Krasnoarmiys'k
UA,Krasnyy Luch
UA,Kremenchuk
UA,Kryvyi Rih
UA,L'viv
UA,Lozova
UA,Luhansk
UA,Luts'k
UA,Lysychans'k
UA,Makiyivka
UA,Mariupol
UA,Melitopol'
UA,Mukacheve
UA,Mykolayiv
UA,Nikopol'
UA,Nizhyn
UA,Novohrad-Volyns'kyy
UA,Novomoskovs'k
UA,Novovolyns'k
UA,Nyzhn'ohirs'kyy
UA,Odessa
UA,Oleksandriya
UA,Pavlohrad
UA,Pervomays'k
UA,Poltava
UA,Pryluky
UA,Rivne
UA,Roven'ky
UA,Rubizhne
UA,Sevastopol
UA,Shakhtars'k
UA,Shostka
UA,Simferopol
UA,Sloviansk
UA,Smila
UA,Snizhne
UA,Stakhanov
UA,Stryi
UA,Sumy
UA,Sverdlovs'k
UA,Syevyerodonets'k
UA,Ternopil'
UA,Torez
UA,Uman'
UA,Uzhhorod
UA,Vinnytsya
UA,Yalta
UA,Yenakiyeve
UA,Yevpatoriya
UA,Zaporizhzhya
UA,Zhytomyr
UG,Adjumani
UG,Arua
UG,Bugiri
UG,Bundibugyo
UG,Busembatia
UG,Busia
UG,Buwenge
UG,Bwizibwera
UG,Entebbe
UG,Fort Portal
UG,Gulu
UG,Hoima
UG,Iganga
UG,Jinja
UG,Kabale
UG,Kampala
UG,Kamwenge
UG,Kasese
UG,Kayunga
UG,Kireka
UG,Kitgum
UG,Kotido
UG,Kyenjojo
UG,Lira
UG,Lugazi
UG,Luwero
UG,Masaka
UG,Masindi
UG,Mbale
UG,Mbarara
UG,Mityana
UG,Moyo
UG,Mubende
UG,Mukono
UG,Namasuba
UG,Nebbi
UG,Njeru
UG,Ntungamo
UG,Ntungamo
UG,Nyachera
UG,Paidha
UG,Pallisa
UG,Soroti
UG,Tororo
UG,Wakiso
UG,Wobulenzi
UG,Yumbe
US,Albuquerque
US,Atlanta
US,Austin
US,Baltimore
US,Borough of Queens
US,Boston
US,Brooklyn
US,Charlotte
US,Chicago
US,Cleveland
US,Colorado Springs
US,Columbus
US,Dallas
US,Denver
US,Detroit
US,El Paso
US,Fort Worth
US,Fresno
US,Houston
US,Indianapolis
US,Jacksonville
US,Kansas City
US,Las Vegas
US,Long Beach
US,Los Angeles
US,Manhattan
US,Memphis
US,Mesa
US,Miami
US,Milwaukee
US,Minneapolis
US,Nashville
US,New South Memphis
US,New York City
US,Oakland
US,Oklahoma City
US,Omaha
US,Philadelphia
US,Phoenix
US,Portland
US,Raleigh
US,Sacramento
US,San Antonio
US,San Diego
US,San Francisco
US,San Jose
US,Seattle
US,South Boston
US,Staten Island
US,The Bronx
US,Tucson
US,Tulsa
US,Virginia Beach
US,Washington D.C.
US,Wichita
UY,Artigas
UY,Canelones
UY,Carmelo
UY,Colonia del Sacramento
UY,Delta del Tigre
UY,Dolores
UY,Durazno
UY,Florida
UY,Fray Bentos
UY,La Paz
UY,Las Piedras
UY,Maldonado
UY,Melo
UY,Mercedes
UY,Minas
UY,Montevideo
UY,Pando
UY,Paso de Carrasco
UY,Paysandu
UY,Progreso
UY,Rivera
UY,Rocha
UY,Salto
UY,San Carlos
UY,San Jose de Mayo
UY,Santa Lucia
UY,Tacuarembo
UY,Treinta y Tres
UY,Trinidad
UY,Trinidad
UY,Young
UZ,Andijon
UZ,Angren
UZ,Asaka
UZ,Bekobod
UZ,Bektemir
UZ,Beruniy
UZ,Beshariq
UZ,Beshkent
UZ,Boysun
UZ,Buka
UZ,Bukhara
UZ,Bulung'ur
UZ,Chelak
UZ,Chinoz
UZ,Chirchiq
UZ,Chiroqchi
UZ,Chortoq
UZ,Chust Shahri
UZ,Dashtobod
UZ,Denov
UZ,Dustlik
UZ,Fergana
UZ,G'azalkent
UZ,G'uzor
UZ,Gagarin
UZ,Ghijduwon
UZ,Guliston
UZ,Gurlan
UZ,Haqqulobod
UZ,Hazorasp
UZ,Iskandar
UZ,Jizzax
UZ,Juma
UZ,Karakul'
UZ,Kattaqo'rg'on
UZ,Khiwa
UZ,Khujaobod
UZ,Khujayli
UZ,Kirgili
UZ,Kitob
UZ,Kogon
UZ,Koson
UZ,Kosonsoy
UZ,Manghit
UZ,Marg`ilon
UZ,Muborak
UZ,Namangan
UZ,Navoiy
UZ,Navoiy Shahri
UZ,Novyy Turtkul'
UZ,Nukus
UZ,Nurota
UZ,Ohangaron
UZ,Olmaliq
UZ,Oltiariq
UZ,Oltinko'l
UZ,Oqtosh
UZ,Parkent
UZ,Paxtakor
UZ,Payshanba
UZ,Piskent
UZ,Pop
UZ,Qarshi
UZ,Qibray
UZ,Qo`qon
UZ,Qurghontepa
UZ,Qushkupir
UZ,Quva
UZ,Quvasoy
UZ,Salor
UZ,Samarqand
UZ,Shahrisabz
UZ,Sho'rchi
UZ,Shofirkon
UZ,Showot
UZ,Sirdaryo
UZ,Tashkent
UZ,Tirmiz
UZ,Toshbuloq
UZ,Toshloq
UZ,Turagurghon
UZ,Tuytepa
UZ,Uchqurghon Shahri
UZ,Urganch
UZ,Urgut
UZ,Uychi
UZ,Wobkent
UZ,Yangiobod
UZ,Yangiqo`rg`on
UZ,Yangirabot
UZ,Yangiyer
UZ,Yangiyul
UZ,Yaypan
UZ,Zafar
UZ,Zomin
VA,Vatican City
VC,Kingstown
VC,Kingstown Park
VE,Acarigua
VE,Alto Barinas
VE,Anaco
VE,Araure
VE,Barcelona
VE,Barinas
VE,Barquisimeto
VE,Baruta
VE,Cabimas
VE,Cagua
VE,Calabozo
VE,Caracas
VE,Carora
VE,Carupano
VE,Catia La Mar
VE,Caucaguita
VE,Caucaguito
VE,Chacao
VE,Charallave
VE,Chivacoa
VE,Ciudad Bolivar
VE,Ciudad Guayana
VE,Coro
VE,Cua
VE,Cumana
VE,Ejido
VE,El Cafetal
VE,El Hatillo
VE,El Limon
VE,El Tigre
VE,El Tocuyo
VE,El Vigia
VE,Guacara
VE,Guanare
VE,Guarenas
VE,Guatire
VE,Guigue
VE,La Dolorita
VE,La Victoria
VE,La Villa del Rosario
VE,Lagunillas
VE,Los Dos Caminos
VE,Los Teques
VE,Machiques
VE,Maiquetia
VE,Maracaibo
VE,Maracay
VE,Mariara
VE,Maturin
VE,Merida
VE,Moron
VE,Mucumpiz
VE,Ocumare del Tuy
VE,Palo Negro
VE,Petare
VE,Porlamar
VE,Puerto Ayacucho
VE,Puerto Cabello
VE,Puerto La Cruz
VE,Punta Cardon
VE,Punto Fijo
VE,Rubio
VE,San Antonio de Los Altos
VE,San Carlos
VE,San Carlos del Zulia
VE,San Cristobal
VE,San Felipe
VE,San Fernando Apure
VE,San Jose de Guanipa
VE,San Juan de los Morros
VE,San Mateo
VE,Santa Teresa
VE,Tinaquillo
VE,Tucupita
VE,Turmero
VE,Upata
VE,Valencia
VE,Valera
VE,Valle de La Pascua
VE,Villa de Cura
VE,Yaritagua
VG,Road Town
VG,Tortola
VI,Charlotte Amalie
VI,Saint Croix
VN,Bac Giang
VN,Bac Ninh
VN,Bao Loc
VN,Ben Tre
VN,Bien Hoa
VN,Bim Son
VN,Buon Ma Thuot
VN,Ca Mau
VN,Cam Pha Mines
VN,Cam Ranh
VN,Can Gio
VN,Can Giuoc
VN,Can Tho
VN,Cao Lanh
VN,Cat Ba
VN,Cho Dok
VN,Cu Chi
VN,Da Lat
VN,Da Nang
VN,Dien Bien Phu
VN,Ha Dong
VN,Ha Tien
VN,Ha Tinh
VN,Haiphong
VN,Hanoi
VN,Ho Chi Minh City
VN,Hoi An
VN,Hue
VN,Hung Yen
VN,Kon Tum
VN,Kwang Binh
VN,La Gi
VN,Lao Cai
VN,Long Xuyen
VN,Mong Cai
VN,My Tho
VN,Nha Trang
VN,Phan Rang-Thap Cham
VN,Phan Thiet
VN,Phu Khuong
VN,Pleiku
VN,Quang Ngai
VN,Qui Nhon
VN,Rach Gia
VN,Sa Pa
VN,Sadek
VN,Soc Trang
VN,Son Tay
VN,Song Cau
VN,Tam Ky
VN,Tan An
VN,Tay Ninh
VN,Thanh Hoa
VN,Thanh pho Bac Lieu
VN,Thanh Pho Cao Bang
VN,Thanh Pho Ha Giang
VN,Thanh Pho Ha Long
VN,Thanh Pho Hai Duong
VN,Thanh Pho Hoa Binh
VN,Thanh Pho Lang Son
VN,Thanh Pho Nam Dinh
VN,Thanh Pho Ninh Binh
VN,Thanh Pho Phu Ly
VN,Thanh Pho Thai Binh
VN,Thanh Pho Thai Nguyen
VN,Thanh Pho Tuyen Quang
VN,Thanh Pho Uong Bi
VN,Thu Dau Mot
VN,Tra Vinh
VN,Tuy Hoa
VN,Viet Tri
VN,Vinh
VN,Vinh Long
VN,Vung Tau
VN,Yen Bai
VN,Yen Vinh
VU,Port-Vila
WF,Mata-Utu
WS,Apia
XK,Decan
XK,Dragash
XK,Ferizaj
XK,Gjakove
XK,Gjilan
XK,Glogovac
XK,Istok
XK,Kosovo Polje
XK,Leposaviq
XK,Llazice
XK,Mitrovice
XK,Orahovac
XK,Peje
XK,Podujeva
XK,Pristina
XK,Prizren
XK,Shtime
XK,Suva Reka
XK,Vitina
XK,Vushtrri
XK,Zvecan
YE,'Amran
YE,Aden
YE,Al Bayda'
YE,Al Hazm
YE,Al Hudaydah
YE,Al Mukalla
YE,Ataq
YE,Bajil
YE,Bayt al Faqih
YE,Dhamar
YE,Dhi as Sufal
YE,Hajjah
YE,Ibb
YE,Lahij
YE,Ma'rib
YE,Sa'dah
YE,Sahar
YE,Sanaa
YE,Sayyan
YE,Ta`izz
YE,Yarim
YE,Zabid
YE,Zinjibar
YT,Dzaoudzi
YT,Koungou
YT,Mamoudzou
ZA,Atlantis
ZA,Barberton
ZA,Benoni
ZA,Bethal
ZA,Bethlehem
ZA,Bhisho
ZA,Bloemfontein
ZA,Boksburg
ZA,Bothaville
ZA,Botshabelo
ZA,Brakpan
ZA,Brits
ZA,Cape Town
ZA,Carletonville
ZA,Centurion
ZA,Delmas
ZA,Diepsloot
ZA,Dundee
ZA,Durban
ZA,East London
ZA,eMbalenhle
ZA,Fochville
ZA,Fort Beaufort
ZA,Ga-Rankuwa
ZA,George
ZA,Graaff-Reinet
ZA,Grahamstown
ZA,Heidelberg
ZA,Johannesburg
ZA,Kimberley
ZA,Klerksdorp
ZA,Knysna
ZA,Kraaifontein
ZA,Kroonstad
ZA,Krugersdorp
ZA,Kutloanong
ZA,Lichtenburg
ZA,Louis Trichardt
ZA,Mabopane
ZA,Middelburg
ZA,Midrand
ZA,Mmabatho
ZA,Mokopane
ZA,Mossel Bay
ZA,Mpumalanga
ZA,Mthatha
ZA,Nelspruit
ZA,Newcastle
ZA,Nigel
ZA,Noorder-Paarl
ZA,Orkney
ZA,Oudtshoorn
ZA,Parys
ZA,Phalaborwa
ZA,Phuthaditjhaba
ZA,Piet Retief
ZA,Pietermaritzburg
ZA,Polokwane
ZA,Port Elizabeth
ZA,Potchefstroom
ZA,Pretoria
ZA,Queenstown
ZA,Randfontein
ZA,Richards Bay
ZA,Roodepoort
ZA,Rustenburg
ZA,Saldanha
ZA,Sasolburg
ZA,Schweizer-Reneke
ZA,Soweto
ZA,Springs
ZA,Standerton
ZA,Stanger
ZA,Stellenbosch
ZA,Stilfontein
ZA,Tembisa
ZA,Uitenhage
ZA,Upington
ZA,Vanderbijlpark
ZA,Vereeniging
ZA,Virginia
ZA,Vryheid
ZA,Warmbaths
ZA,Welkom
ZA,Westonaria
ZA,Witbank
ZA,Worcester
ZM,Chililabombwe
ZM,Chingola
ZM,Chipata
ZM,Choma
ZM,Kabwe
ZM,Kafue
ZM,Kalulushi
ZM,Kansanshi
ZM,Kapiri Mposhi
ZM,Kasama
ZM,Kawambwa
ZM,Kitwe
ZM,Livingstone
ZM,Luanshya
ZM,Lusaka
ZM,Mansa
ZM,Mazabuka
ZM,Mbala
ZM,Mongu
ZM,Monze
ZM,Mpika
ZM,Mufulira
ZM,Mumbwa
ZM,Nchelenge
ZM,Ndola
ZM,Petauke
ZM,Samfya
ZM,Sesheke
ZM,Siavonga
ZW,Beitbridge
ZW,Bindura
ZW,Bulawayo
ZW,Chegutu
ZW,Chinhoyi
ZW,Chipinge
ZW,Chiredzi
ZW,Chitungwiza
ZW,Epworth
ZW,Gokwe
ZW,Gweru
ZW,Harare
ZW,Hwange
ZW,Kadoma
ZW,Kariba
ZW,Karoi
ZW,Kwekwe
ZW,Marondera
ZW,Masvingo
ZW,Mutare
ZW,Norton
ZW,Redcliff
ZW,Rusape
ZW,Shurugwi
ZW,Victoria Falls
ZW,Zvishavane
