name,cc_fips,committee_type
Other,,
International,,International
Asia Pacific,,International
Europe,,International
Middle East,,International
Africa,,International
Iberoamerica,,International
North America,,International
Afghanistan,AF,National
Albania ,AL,National
Algeria,AG,National
Angola,AO,National
Argentina,AR,National
Armenia,AM,National
Australia,AS,National
Austria,AU,National
Azerbaijan,AJ,National
Bahrain,BA,National
Bangladesh,BG,National
Barbados,BD,National
Belarus,BO,National
Belgium,BE,National
Benin,BN,National
Bolivia,BL,National
Bosnia - Herzegovina,BK,National
Botswana,BC,National
Brazil,BR,National
Bulgaria,BU,National
Burkina Faso,UV,National
Cambodia,CB,National
Cameroon,CM,National
Canada,CA,National
Cape Verde,CV,National
Chile,CI,National
"China, Mainland",CH,National
Colombia,CO,National
Costa Rica,CS,National
CAS,CS,National
CAS,PM,National
Cono Sur,AR,National
Cono Sur,CI,National
Cono Sur,UY,National
Cote D'Ivoire,IV,National
Croatia,HR,National
Czech Republic,EZ,National
Denmark,DA,National
Dominican Republic,DR,National
Ecuador,EC,National
Egypt,EG,National
El Salvador,ES,National
Estonia,EN,National
Ethiopia,ET,National
Finland,FI,National
France,FR,National
Gabon,GB,National
Georgia,GG,National
Germany,GM,National
Ghana,GH,National
Greece,GR,National
Guatemala,GT,National
Hong Kong,HK,National
Hungary,HU,National
Iceland,IC,National
India,IN,National
Indonesia,ID,National
Iran,IR,National
Ireland,EI,National
Israel,IS,National
Italy,IT,National
Japan,JA,National
Jordan,JO,National
Kazakhstan,KZ,National
Kenya,KE,National
Korea,KN,National
Kuwait,KU,National
Kyrgyzstan,KG,National
Laos,LA,National
Latvia,LG,National
Lebanon,LE,National
Liberia,LI,National
Lithuania,LH,National
Luxembourg,LU,National
Malaysia,MY,National
Malta,MT,National
Mauritius,MP,National
Mexico,MX,National
Moldova,MD,National
Mongolia,MG,National
Montenegro,MJ,National
Morocco,MO,National
Mozambique,MZ,National
Burma (Myanmar),BM,National
Namibia,WA,National
Nepal,NP,National
Netherlands Antilles,NT,National
New Zealand,NZ,National
Nicaragua,NU,National
Nigeria,NI,National
Norway,NO,National
Oman,MU,National
Pakistan,PK,National
Panama,PM,National
Papua New Guinea,PP,National
Paraguay,PA,National
Peru,PE,National
Poland,PL,National
Portugal,PO,National
Puerto Rico,RQ,National
Qatar,QA,National
Republic Of Macedonia,MK,National
Romania,RO,National
Russia,RS,National
Rwanda,RW,National
Senegal,SG,National
Serbia,RI,National
Sierra Leone,SL,National
Singapore,SN,National
Slovakia,LO,National
Slovenia,SI,National
South Africa,SF,National
Spain,SP,National
Sri Lanka,CE,National
Sweden,SW,National
Switzerland,SZ,National
Taiwan,TW,National
Tajikistan,TI,National
Tanzania,TZ,National
Thailand,TH,National
The Netherlands,NL,National
The Philippines,RP,National
Togo,TO,National
Tunisia,TS,National
Turkey,TU,National
Uganda,UG,National
Ukraine,UP,National
United Arab Emirates,AE,National
United Kingdom,UK,National
United States,US,National
Uruguay,UY,National
Uzbekistan,UZ,National
Venezuela,VE,National
Vietnam,VM,National
Zimbabwe,ZI,National
AIESEC Herat,AF,Local
AIESEC Balkh,AF,Local
AIESEC Karwan,AF,Local
AIESEC KABUL,AF,Local
AIESEC TIRANA UNIVERSITY,AL,Local
AIESEC EUROPEAN UNIVERSITY OF TIRANA,AL,Local
AIESEC CONSTANTINE,AG,Local
AIESEC BABEZ,AG,Local
AIESEC BLIDA,AG,Local
AIESEC ORAN,AG,Local
AIESEC ALGIERS,AG,Local
AIESEC BENAK,AG,Local
AIESEC LUANDA AN,AO,Local
AIESEC TANDIL,AR,Local
AIESEC SALTA,AR,Local
AIESEC NORDESTE - ARGENTINA,AR,Local
AIESEC BUENOS AIRES USAL,AR,Local
AIESEC BUENOS AIRES,AR,Local
AIESEC LA PLATA,AR,Local
AIESEC NEUQUEN,AR,Local
AIESEC BAHIA BLANCA,AR,Local
AIESEC ROSARIO - ARGENTINA,AR,Local
AIESEC SALTA,AR,Local
AIESEC EXPANSIONS ARGENTINA,AR,Local
AIESEC CORDOBA,AR,Local
AIESEC BUENOS AIRES UBA FCE,AR,Local
AIESEC LA PLATA,AR,Local
AIESEC MAR DEL PLATA,AR,Local
AIESEC MENDOZA,AR,Local
AIESEC ARMA-AC,AM,Local
AIESEC ARMA-AU,AM,Local
AIESEC SU,AM,Local
AIESEC YEREVAN,AM,Local
AIESEC CANBERRA,AS,Local
AIESEC UNIVERSITY OF SOUTH AUSTRALIA,AS,Local
AIESEC MURDOCH UNIVERSITY,AS,Local
AIESEC UNIVERSITY OF QUEENSLAND,AS,Local
AIESEC UNSW,AS,Local
AIESEC MACQUARIE UNIVERSITY ,AS,Local
AIESEC WOLLONGONG,AS,Local
AIESEC ECU,AS,Local
AIESEC BOND UNIVERSITY,AS,Local
AIESEC GRIFFITH,AS,Local
AIESEC  NTU,AS,Local
AIESEC ADELAIDE,AS,Local
AIESEC ANU,AS,Local
AIESEC FLINDERS,AS,Local
AIESEC FLINDERS UNI,AS,Local
AIESEC SYDNEY,AS,Local
AIESEC UWA,AS,Local
AIESEC ANU,AS,Local
AIESEC QUT,AS,Local
AIESEC UTS,AS,Local
AIESEC MELBOURNE,AS,Local
AIESEC MONASH,AS,Local
AIESEC RMIT,AS,Local
AIESEC MACQUARIE,AS,Local
AIESEC CURTIN UNIVERSITY,AS,Local
AIESEC CURTIN,AS,Local
AIESEC GRAZ,AU,Local
AIESEC INNSBRUCK,AU,Local
AIESEC VIENNA UV,AU,Local
AIESEC VIENNA BOKU,AU,Local
AIESEC VIENNA WU,AU,Local
AIESEC LINZ,AU,Local
AIESEC SALZBURG,AU,Local
AIESEC KLAGENFURT,AU,Local
AIESEC BAKU SYNERGY,AJ,Local
AIESEC BAKU ADA,AJ,Local
AIESEC MANAMA,BA,Local
AIESEC SKHEER,BA,Local
AIESEC ARADOS,BA,Local
AIESEC AWAL,BA,Local
AIESEC BRACU,BG,Local
AIESEC NSU,BG,Local
AIESEC AIUB,BG,Local
AIESEC IUB,BG,Local
AIESEC BRIDGETOWN,BD,Local
AIESEC MINSK,BO,Local
AIESEC HUB,BE,Local
AIESEC MONS,BE,Local
AIESEC VLEKHO,BE,Local
AIESEC LIMBURG,BE,Local
AIESEC UA,BE,Local
AIESEC BRUXELLES,BE,Local
AIESEC ULB,BE,Local
AIESEC WAROCQUE,BE,Local
AIESEC HEC LIEGE,BE,Local
AIESEC ICHEC,BE,Local
AIESEC ULG,BE,Local
AIESEC SAINT-LOUIS,BE,Local
AIESEC GENT,BE,Local
AIESEC RUCA,BE,Local
AIESEC VUB,BE,Local
AIESEC LOUVAIN LA NEUVE,BE,Local
AIESEC NAMUR,BE,Local
AIESEC LEUVEN,BE,Local
AIESEC EUB,BE,Local
AIESEC UAC,BN,Local
AIESEC ENEAM,BN,Local
AIESEC ORURO,BL,Local
AIESEC COCHABAMBA,BL,Local
AIESEC SUCRE,BL,Local
AIESEC SANTA CRUZ,BL,Local
AIESEC LA PAZ,BL,Local
AIESEC BANJA LUKA,BK,Local
AIESEC VIRTUAL SU,BK,Local
AIESEC MOSTAR,BK,Local
AIESEC SARAJEVO,BK,Local
AIESEC TUZLA,BK,Local
AIESEC UNIVERSITY OF BOTSWANA,BD,Local
AIESEC GIPS,BD,Local
AIESEC LIMKOKWING,BD,Local
AIESEC VITORIA,BR,Local
AIESEC FRANCA,BR,Local
AIESEC UBERLANDIA,BR,Local
AIESEC GETULIO VARGAS,BR,Local
AIESEC PELOTAS,BR,Local
AIESEC FLORIANOPOLIS,BR,Local
AIESEC RIO DE JANEIRO,BR,Local
AIESEC ESPM,BR,Local
AIESEC USP,BR,Local
AIESEC RIBEIRAO PRETO,BR,Local
AIESEC NOVO HAMBURGO,BR,Local
AIESEC RECIFE,BR,Local
AIESEC MANAUS,BR,Local
AIESEC SALVADOR,BR,Local
AIESEC FAAP,BR,Local
AIESEC CURITIBA,BR,Local
AIESEC JOAO PESSOA,BR,Local
AIESEC SANTA CRUZ DO SUL,BR,Local
AIESEC PUC SP,BR,Local
AIESEC SANTA MARIA,BR,Local
AIESEC PONTA GROSSA,BR,Local
AIESEC BELO HORIZONTE,BR,Local
AIESEC GOIANIA,BR,Local
AIESEC CAXIAS DO SUL,BR,Local
AIESEC LONDRINA,BR,Local
AIESEC UNISINOS,BR,Local
AIESEC BAURU,BR,Local
AIESEC PORTO ALEGRE,BR,Local
AIESEC JOINVILLE,BR,Local
AIESEC CHAPECO,BR,Local
AIESEC SANTOS,BR,Local
AIESEC FORTALEZA,BR,Local
AIESEC MARINGA,BR,Local
AIESEC JUIZ DE FORA,BR,Local
AIESEC SAO LUIS,BR,Local
AIESEC FOZ DO IGUACU,BR,Local
AIESEC SAO CARLOS,BR,Local
AIESEC BRASILIA,BR,Local
AIESEC ITAJUBA,BR,Local
AIESEC SOROCABA,BR,Local
AIESEC ITA,BR,Local
AIESEC INSPER,BR,Local
AIESEC CAMPINAS,BR,Local
AIESEC ARACAJU,BR,Local
AIESEC VARNA,BU,Local
AIESEC SVISHTOV,BU,Local
AIESEC VELIKO TURNOVO,BU,Local
AIESEC GABROVO(CLOSED),BU,Local
AIESEC PLOVDIV,BU,Local
AIESEC SOFIA SU,BU,Local
AIESEC SOFIA UNWE,BU,Local
AIESEC BLAGOEVGRAD,BU,Local
AIESEC SOFIA TU,BU,Local
AIESEC UNIVERSITE DE OUAGADOUGOU,MC,Local
AIESEC PP,CB,Local
AIESEC LUCT,CB,Local
AIESEC NUM AND UP,CB,Local
AIESEC IFL,CB,Local
AIESEC RULE,CB,Local
AIESEC DSCHANG ,CM,Local
AIESEC BUEA,CM,Local
AIESEC DOUALA,CM,Local
AIESEC BAMENDA,CM,Local
AIESEC YAOUNDE,CM,Local
AIESEC LAVAL,CA,Local
AIESEC SHERBROOKE,CA,Local
AIESEC BISHOPS,CA,Local
AIESEC UQAM,CA,Local
AIESEC OTTAWA,CA,Local
AIESEC LAURENTIAN,CA,Local
AIESEC CHICOUTIMI,CA,Local
AIESEC MEMORIAL,CA,Local
AIESEC GUELPH,CA,Local
AIESEC UNB FREDERICTON,CA,Local
AIESEC LETHBRIDGE,CA,Local
AIESEC THUNDER BAY(CLOSED),CA,Local
AIESEC UQAT(CLOSED),CA,Local
AIESEC REGINA,CA,Local
AIESEC EDMONTON,CA,Local
AIESEC VICTORIA,CA,Local
AIESEC TROIS RIVIERES,CA,Local
AIESEC YORK,CA,Local
AIESEC DALHOUSIE(CLOSED),CA,Local
AIESEC MCGILL,CA,Local
AIESEC SFU,CA,Local
AIESEC MCMASTER,CA,Local
AIESEC MANITOBA,CA,Local
AIESEC HALIFAX,CA,Local
AIESEC TORONTO,CA,Local
AIESEC UQAH,CA,Local
AIESEC HEC,CA,Local
AIESEC CARLETON,CA,Local
AIESEC CALGARY,CA,Local
AIESEC MONCTON,CA,Local
AIESEC QUEENS,CA,Local
AIESEC SASKATOON,CA,Local
AIESEC RYERSON,CA,Local
AIESEC WESTERN,CA,Local
AIESEC CONCORDIA,CA,Local
AIESEC UBC,CA,Local
AIESEC KWANTLEN,CA,Local
AIESEC LAURIER,CA,Local
AIESEC WINDSOR,CA,Local
AIESEC UNIVERSIDADE CABO VERDE,CV,Local
AIESEC UDESANTIAGO,CI,Local
AIESEC UNIVERSIDAD CATOLICA - CHILE,CI,Local
AIESEC VALDIVIA,CI,Local
AIESEC UNIVERSIDAD DE SANTIAGO,CI,Local
AIESEC VALPARAISO,CI,Local
AIESEC ESCUELA DE NEGOCIOS,CI,Local
AIESEC ANTOFAGASTA,CI,Local
AIESEC VINA DEL MAR,CI,Local
AIESEC SANTIAGO - CHILE,CI,Local
AIESEC CONCEPCION,CI,Local
AIESEC DIEGO PORTALES,CI,Local
AIESEC UFSM,CI,Local
AIESEC TEMUCO,CI,Local
AIESEC THU,CH,Local
AIESEC RUC,CH,Local
AIESEC SISU,CH,Local
AIESEC XJTLU,CH,Local
AIESEC SYSU,CH,Local
AIESEC UNNC,CH,Local
AIESEC HUST,CH,Local
AIESEC QINGDAO,CH,Local
AIESEC BISU,CH,Local
AIESEC HIT,CH,Local
AIESEC SJTU,CH,Local
AIESEC BJTU,CH,Local
AIESEC CHANGSHA,CH,Local
AIESEC PKU,CH,Local
AIESEC TJU,CH,Local
AIESEC DUT,CH,Local
AIESEC MU,CH,Local
AIESEC NKU,CH,Local
AIESEC ZZU,CH,Local
AIESEC GDUFS ,CH,Local
AIESEC SHANGHAI,CH,Local
AIESEC SWUFE,CH,Local
AIESEC HFUT,CH,Local
AIESEC BFSU,CH,Local
AIESEC FDU,CH,Local
AIESEC BEIJING,CH,Local
AIESEC SZU,CH,Local
AIESEC UIBE,CH,Local
AIESEC NJU,CH,Local
AIESEC JINAN,CH,Local
AIESEC CQU,CH,Local
AIESEC XJTU,CH,Local
AIESEC XMU,CH,Local
AIESEC ZJU,CH,Local
AIESEC JLU,CH,Local
AIESEC SCUT,CH,Local
AIESEC BUAA,CH,Local
AIESEC ECI,CO,Local
AIESEC EAFIT,CO,Local
AIESEC BUCARAMANGA,CO,Local
AIESEC ROSARIO - COLOMBIA,CO,Local
AIESEC EIA,CO,Local
AIESEC TOLIMA,CO,Local
AIESEC VALLEDUPAR,CO,Local
AIESEC PEREIRA,CO,Local
AIESEC EAN,CO,Local
AIESEC ANDES,CO,Local
AIESEC UNINORTE,CO,Local
AIESEC ROSARIO,CO,Local
AIESEC JAVERIANA,CO,Local
AIESEC MANIZALES,CO,Local
AIESEC CALI,CO,Local
AIESEC UNIATLANTICO,CO,Local
AIESEC SANTA MARTA,CO,Local
AIESEC CARTAGENA,CO,Local
AIESEC UCR,CS,Local
AIESEC TEC,CS,Local
AIESEC ULACIT,CS,Local
AIESEC UIA,CS,Local
AIESEC ITCR,CS,Local
AIESEC BOUAKE,IV,Local
AIESEC INSTEC,IV,Local
AIESEC FUPA,IV,Local
AIESEC UNIVERSITY OF LIBERIA,IV,Local
AIESEC COCODY-ABIDJAN,IV,Local
AIESEC TIRANA,HR,Local
AIESEC PULA,HR,Local
AIESEC RIJEKA,HR,Local
AIESEC SPLIT,HR,Local
AIESEC VARAZDIN,HR,Local
AIESEC OPATIJA,HR,Local
AIESEC ZSEM,HR,Local
AIESEC ZAGREB,HR,Local
AIESEC DUBROVNIK,HR,Local
AIESEC OSIJEK,HR,Local
AIESEC ZLIN,EZ,Local
AIESEC CESKE BUDEJOVICE ,EZ,Local
AIESEC PILSEN,EZ,Local
AIESEC BRNO,EZ,Local
AIESEC PARDUBICE,EZ,Local
AIESEC HRADEC KRALOVE,EZ,Local
AIESEC PRAHA,EZ,Local
AIESEC OLOMOUC,EZ,Local
AIESEC CESKE BUDEJOVICE,EZ,Local
AIESEC CZU PRAGUE,EZ,Local
AIESEC KARVINA,EZ,Local
AIESEC OSTRAVA,EZ,Local
AIESEC AAU - DENMARK,DA,Local
AIESEC AARHUS,DA,Local
AIESEC SDU,DA,Local
AIESEC CBS,DA,Local
AIESEC SYD,DA,Local
AIESEC UNI,DA,Local
AIESEC UNIC,DA,Local
AIESEC ESBJERG,DA,Local
AIESEC ASB,DA,Local
AIESEC VIA,DA,Local
AIESEC UNPHU,DR,Local
AIESEC UNAPEC,DR,Local
AIESEC SANTO DOMINGO,DR,Local
AIESEC PUCMM,DR,Local
AIESEC SANTIAGO - DOMINICAN REPUBLIC,DR,Local
AIESEC USFQ,EC,Local
AIESEC CUENCA,EC,Local
AIESEC UTPL,EC,Local
AIESEC PUCE,EC,Local
AIESEC UNMA,EC,Local
AIESEC ESPOL,EC,Local
AIESEC UCSG,EC,Local
AIESEC SUEZ,EG,Local
AIESEC ZAG,EG,Local
AIESEC CAIRO UNIVERSITY,EG,Local
AIESEC GUC,EG,Local
AIESEC ZAGZIG,EG,Local
AIESEC AUC,EG,Local
AIESEC DAMIETTA,EG,Local
AIESEC ALEXANDRIA,EG,Local
AIESEC 6TH OCTOBER,EG,Local
AIESEC MANSOURA,EG,Local
AIESEC AAST,EG,Local
AIESEC AAST IN CAIRO,EG,Local
AIESEC MATIAS,ES,Local
AIESEC ESEN,ES,Local
AIESEC UCA,ES,Local
AIESEC ESEN,ES,Local
AIESEC TARTU,EN,Local
AIESEC TUT,EN,Local
AIESEC TLU,EN,Local
AIESEC PARNU,EN,Local
AIESEC EDBC TALINN,EN,Local
AIESEC MEKELLE,ET,Local
AIESEC HARAMAYA,ET,Local
AIESEC EIABC,ET,Local
AIESEC AAU - ETHIOPIA,ET,Local
AIESEC UNITY UNIVERSITY,ET,Local
AIESEC TAY,FI,Local
AIESEC HAAGA HELIA,FI,Local
AIESEC HUT,FI,Local
AIESEC TY,FI,Local
AIESEC SHS,FI,Local
AIESEC LAPPI,FI,Local
AIESEC OULU,FI,Local
AIESEC SAIMAA,FI,Local
AIESEC WAASA,FI,Local
AIESEC TURKU,FI,Local
AIESEC JAPPI,FI,Local
AIESEC TAMPERE,FI,Local
AIESEC JYVASKYLA,FI,Local
AIESEC AALTO,FI,Local
AIESEC HY,FI,Local
AIESEC KY TURKU,FI,Local
AIESEC TOULOUSE,FR,Local
AIESEC PAU BEARN,FR,Local
AIESEC DIJON,FR,Local
AIESEC BORDEAUX,FR,Local
AIESEC EDHEC,FR,Local
AIESEC ESC ROUEN,FR,Local
AIESEC RENNES,FR,Local
AIESEC STRASBOURG EME/IECS,FR,Local
AIESEC COMPIEGNE,FR,Local
AIESEC IT SUDPARIS,FR,Local
AIESEC NANCY,FR,Local
AIESEC ESCP,FR,Local
AIESEC CHAMBERY,FR,Local
AIESEC GRENOBLE,FR,Local
AIESEC SCIENCES PO PARIS,FR,Local
AIESEC EDC,FR,Local
AIESEC ESIEA,FR,Local
AIESEC BELFORT,FR,Local
AIESEC REIMS,FR,Local
AIESEC ESIEA,FR,Local
AIESEC LA ROCHELLE,FR,Local
AIESEC LILLE,FR,Local
AIESEC ESG,FR,Local
AIESEC LE HAVRE,FR,Local
AIESEC SUDPARIS,FR,Local
AIESEC INSEEC,FR,Local
AIESEC ESLSCA,FR,Local
AIESEC MBA,FR,Local
AIESEC BREST,FR,Local
AIESEC SUP DE POITIERS,FR,Local
AIESEC ANGERS,FR,Local
AIESEC MARSEILLE,FR,Local
AIESEC SKEMA NICE,FR,Local
AIESEC NICE,FR,Local
AIESEC ESCE POLE LEONARD DE VINCI,FR,Local
AIESEC TOULOUSE,FR,Local
AIESEC ISC,FR,Local
AIESEC NANTES,FR,Local
AIESEC ISCID,FR,Local
AIESEC IUSO,GB,Local
AIESEC UOB,GB,Local
AIESEC IAI,GB,Local
AIESEC AFRAM,GB,Local
AIESEC UNIVERSITY OF GEORGIA,GG,Local
AIESEC KUTAISI,GG,Local
AIESEC TBILISI,GG,Local
AIESEC HANNOVER,GM,Local
AIESEC KAISERSLAUTERN,GM,Local
AIESEC MAGDEBURG,GM,Local
AIESEC MAINZ - WIESBADEN,GM,Local
AIESEC KONSTANZ,GM,Local
AIESEC BAYREUTH,GM,Local
AIESEC SIEGEN,GM,Local
AIESEC MUENSTER,GM,Local
AIESEC ROSTOCK,GM,Local
AIESEC STUTTGART-HOHENHEIM,GM,Local
AIESEC INGOLSTADT,GM,Local
AIESEC FRANKFURT (MAIN),GM,Local
AIESEC PFORZHEIM,GM,Local
AIESEC WERNIGERODE,GM,Local
AIESEC LUENEBURG,GM,Local
AIESEC BREMEN,GM,Local
AIESEC BERLIN FU,GM,Local
AIESEC CHEMNITZ,GM,Local
AIESEC BRAUNSCHWEIG,GM,Local
AIESEC MANNHEIM,GM,Local
AIESEC ESSEN,GM,Local
AIESEC HAMBURG,GM,Local
AIESEC HALLE,GM,Local
AIESEC TUEBINGEN-REUTLINGEN,GM,Local
AIESEC BOCHUM,GM,Local
AIESEC DUESSELDORF,GM,Local
AIESEC JENA,GM,Local
AIESEC WUPPERTAL,GM,Local
AIESEC ULM,GM,Local
AIESEC BAMBERG,GM,Local
AIESEC TRIER,GM,Local
AIESEC MUENCHEN,GM,Local
AIESEC KARLSRUHE,GM,Local
AIESEC AACHEN,GM,Local
AIESEC WORMS,GM,Local
AIESEC REGENSBURG,GM,Local
AIESEC LEIPZIG,GM,Local
AIESEC PADERBORN,GM,Local
AIESEC KASSEL,GM,Local
AIESEC GOETTINGEN,GM,Local
AIESEC DARMSTADT,GM,Local
AIESEC KOBLENZ,GM,Local
AIESEC GIESSEN,GM,Local
AIESEC HEILBRONN,GM,Local
AIESEC BERLIN HU,GM,Local
AIESEC SAARBRUECKEN,GM,Local
AIESEC GREIFSWALD,GM,Local
AIESEC VILLINGEN - SCHWENNINGEN,GM,Local
AIESEC NUERNBERG,GM,Local
AIESEC WUERZBURG,GM,Local
AIESEC BONN,GM,Local
AIESEC ULM,GM,Local
AIESEC HEIDELBERG,GM,Local
AIESEC OLDENBURG,GM,Local
AIESEC DORTMUND,GM,Local
AIESEC FRANKFURT (ODER),GM,Local
AIESEC BERLIN TU,GM,Local
AIESEC FREIBURG,GM,Local
AIESEC PASSAU,GM,Local
AIESEC BIELEFELD,GM,Local
AIESEC FREIBURG,GM,Local
AIESEC DUISBURG,GM,Local
AIESEC KOELN,GM,Local
AIESEC DRESDEN,GM,Local
AIESEC MAINZ-WIESBADEN,GM,Local
AIESEC OSNABRUECK,GM,Local
AIESEC KIEL,GM,Local
AIESEC AUGSBURG,GM,Local
AIESEC MARBURG,GM,Local
AIESEC UDS,GH,Local
AIESEC KNUST,GH,Local
AIESEC CUCG,GH,Local
AIESEC KUMASI,GH,Local
AIESEC CUC,GH,Local
AIESEC CAPE COAST,GH,Local
AIESEC UCC,GH,Local
AIESEC LEGON,GH,Local
AIESEC UNIVERSITY OF PATRAS,GR,Local
AIESEC UNIVERSITY OF AEGEAN,GR,Local
AIESEC NKUA,GR,Local
AIESEC PANTEION,GR,Local
AIESEC UOM THESSALONIKI,GR,Local
AIESEC ATHENS,GR,Local
AIESEC UNIPI,GR,Local
AIESEC AUTH,GR,Local
AIESEC UFM,GT,Local
AIESEC XELA,GT,Local
AIESEC USAC,GT,Local
AIESEC UVG,GT,Local
AIESEC LANDIVAR,GT,Local
AIESEC URL,GT,Local
AIESEC SUROCCIDENTE(CLOSED),GT,Local
AIESEC HKUST,HK,Local
AIESEC LINGNAN,HK,Local
AIESEC CUHK,HK,Local
AIESEC POLYU,HK,Local
AIESEC HKBU,HK,Local
AIESEC HKU,HK,Local
AIESEC SZEGED,HU,Local
AIESEC KULKER,HU,Local
AIESEC VESZPREM,HU,Local
AIESEC DEBRECEN,HU,Local
AIESEC GYOR,HU,Local
AIESEC UNIVERSITY OF TECHNOLOGY AND ECONOMICS,HU,Local
AIESEC GODOLLO,HU,Local
AIESEC BUDAPEST UNIVERSITY,HU,Local
AIESEC BME,HU,Local
AIESEC COLLEGE OF SZOLNOK,HU,Local
AIESEC PEX,HU,Local
AIESEC KVIK,HU,Local
AIESEC INTERNATIONAL BUSINESS SCHOOL - BUDAPEST,HU,Local
AIESEC KODOLANYI JANOS COLLEGE,HU,Local
AIESEC SOPRON UNIVERSITY,HU,Local
AIESEC PSZF,HU,Local
AIESEC COLLEGE OF ENTREPRENEURIAL STUDIES,HU,Local
AIESEC PECS UNIVERSITY,HU,Local
AIESEC MISKOLC,HU,Local
AIESEC COLLEGE OF MODERN BUSINESS SCIENCES,HU,Local
AIESEC REYKJAVIK,IC,Local
AIESEC JALANDHAR,IN,Local
AIESEC LUCKNOW,IN,Local
AIESEC JODHPUR,IN,Local
AIESEC HYDERABAD,IN,Local
AIESEC MUMBAI,IN,Local
AIESEC GOA(CLOSED),IN,Local
AIESEC PUNE,IN,Local
AIESEC THAPAR UNIVERSITY,IN,Local
AIESEC CHANDIGARH,IN,Local
AIESEC IIT KGP,IN,Local
AIESEC BARODA,IN,Local
AIESEC KIIT UNIVERSITY,IN,Local
AIESEC BANGALORE,IN,Local
AIESEC AHMEDABAD,IN,Local
AIESEC KOCHI(CLOSED),IN,Local
AIESEC JAIPUR,IN,Local
AIESEC CHENNAI,IN,Local
AIESEC INDORE,IN,Local
AIESEC NAVI MUMBAI,IN,Local
AIESEC VISHAKHAPATNAM,IN,Local
AIESEC SURAT,IN,Local
AIESEC DELHI UNIVERSITY,IN,Local
AIESEC ISM DHANBAD,IN,Local
AIESEC KOLKATA,IN,Local
AIESEC KOCHI,IN,Local
AIESEC DEHRADUN,IN,Local
AIESEC MANIPAL UNIVERSITY,IN,Local
AIESEC DELHI IIT,IN,Local
AIESEC UPNVY,ID,Local
AIESEC BINUS,ID,Local
AIESEC UNIBRAW,ID,Local
AIESEC PMBS,ID,Local
AIESEC SURABAYA,ID,Local
AIESEC UGM,ID,Local
AIESEC UNDIP,ID,Local
AIESEC UI,ID,Local
AIESEC UNS,ID,Local
AIESEC BANDUNG,ID,Local
AIESEC UNAND,ID,Local
AIESEC OE,ID,Local
AIESEC UNIVERSITY OF TEHRAN,IR,Local
AIESEC TEHRAN,IR,Local
AIESEC DIT,EI,Local
AIESEC LIMERICK,EI,Local
AIESEC UCD,EI,Local
AIESEC DCU,EI,Local
AIESEC TRINITY,EI,Local
AIESEC UCG,EI,Local
AIESEC CORK,EI,Local
AIESEC DUBLIN,EI,Local
AIESEC NUI MAYNOOTH,EI,Local
AIESEC BEER-SHEVA,IS,Local
AIESEC RAMAT GAN,IS,Local
AIESEC MANAGEMENT COLLEGE,IS,Local
AIESEC TRIESTE,IT,Local
AIESEC EXPANSION INITIATIVE,IT,Local
AIESEC PESCARA,IT,Local
AIESEC FERRARA,IT,Local
AIESEC TORINO,IT,Local
AIESEC MILANO CATTOLICA,IT,Local
AIESEC PALERMO,IT,Local
AIESEC FIRENZE,IT,Local
AIESEC PIACENZA,IT,Local
AIESEC MILANO BOCCONI,IT,Local
AIESEC PADOVA,IT,Local
AIESEC ROMA TOR VERGATA,IT,Local
AIESEC CAGLIARI,IT,Local
AIESEC BERGAMO,IT,Local
AIESEC VERONA,IT,Local
AIESEC PADOVA,IT,Local
AIESEC SZECHENYI I ISTVAN COLLEGE,IT,Local
AIESEC VENEZIA,IT,Local
AIESEC VITERBO,IT,Local
AIESEC BOLOGNA,IT,Local
AIESEC CATANIA,IT,Local
AIESEC NAPOLI FEDERICO II,IT,Local
AIESEC SIENA,IT,Local
AIESEC LECCE,IT,Local
AIESEC ROMA LA SAPIENZA,IT,Local
AIESEC PERUGIA,IT,Local
AIESEC NAPOLI PARTHENOPE,IT,Local
AIESEC GENOVA,IT,Local
AIESEC BOLOGNA,IT,Local
AIESEC ROMA TOR VERGATA,IT,Local
AIESEC COSENZA,IT,Local
AIESEC BARI,IT,Local
AIESEC URBINO,IT,Local
AIESEC ANCONA,IT,Local
AIESEC ROMA LUISS,IT,Local
AIESEC BOZEN-BOLZANO,IT,Local
AIESEC BRESCIA,IT,Local
AIESEC ROMA TRE,IT,Local
AIESEC SALERNO,IT,Local
AIESEC PAVIA,IT,Local
AIESEC TRENTO,IT,Local
AIESEC OTARU UNIVERSITY OF COMMERCE,JA,Local
AIESEC KYOTO,JA,Local
AIESEC KEIO SFC,JA,Local
AIESEC HOKKAIDO,JA,Local
AIESEC CHUO UNIVERSITY,JA,Local
AIESEC OSAKA UNIVERSITY,JA,Local
AIESEC SENDAI,JA,Local
AIESEC SAINT PAUL'S UNIVERSITY,JA,Local
AIESEC OSAKA CITY UNIVERSITY,JA,Local
AIESEC NAGOYA CITY UNIVERSITY,JA,Local
AIESEC RITSUMEIKAN ASIA PACIFIC UNIVERSITY ,JA,Local
AIESEC KOBE UNIVERSITY,JA,Local
AIESEC DOSHISHA UNIVERSITY,JA,Local
AIESEC FUKUOKA,JA,Local
AIESEC TOKYO UNIVERSITY,JA,Local
AIESEC HOKKAIDO UNIVERSITY,JA,Local
AIESEC AOYAMAGAKUIN UNIVERSITY,JA,Local
AIESEC NAGASAKI UNIVERSITY(CLOSED),JA,Local
AIESEC KWANSEI GAKUIN UNIVERSITY,JA,Local
AIESEC SHIGA UNIVERSITY,JA,Local
AIESEC HOSEI UNIVERSITY(CLOSED),JA,Local
AIESEC NAGOYA UNIVERSITY,JA,Local
AIESEC TSUKUBA,JA,Local
AIESEC HITOTSUBASHI UNIVERSITY,JA,Local
AIESEC HIROSHIMA,JA,Local
AIESEC MEIJI UNIVERSITY,JA,Local
AIESEC HOKKAIGAKUEN UNIVERSITY,JA,Local
AIESEC SOPHIA UNIVERSITY,JA,Local
AIESEC NANZAN UNIVERSITY,JA,Local
AIESEC WASEDA UNIVERSITY,JA,Local
AIESEC KEIO UNIVERSITY,JA,Local
AIESEC AMMAN,JO,Local
AIESEC ZARQA,JO,Local
AIESEC IRBID,JO,Local
AIESEC ASTANA,KZ,Local
AIESEC UST KAMENOGORSK,KZ,Local
AIESEC KARAGANDY,KZ,Local
AIESEC AKTOBE,KZ,Local
AIESEC ORAL,KZ,Local
AIESEC ALMATY,KZ,Local
AIESEC DAYSTAR,KE,Local
AIESEC CUEA,KE,Local
AIESEC UON,KE,Local
AIESEC MOI,KE,Local
AIESEC BARATON,KE,Local
AIESEC JKUAT,KE,Local
AIESEC EGERTON,KE,Local
AIESEC STRATHMORE UNIVERSITY,KE,Local
AIESEC USIU,KE,Local
AIESEC KU,KE,Local
AIESEC HUFS,KN,Local
AIESEC SKKU,KN,Local
AIESEC KORU,KN,Local
AIESEC SSU,KN,Local
AIESEC DWU,KN,Local
AIESEC SEOUL,KN,Local
AIESEC SGU,KN,Local
AIESEC EWHA,KN,Local
AIESEC PNU,KN,Local
AIESEC SMU LC,KN,Local
AIESEC SNU,KN,Local
AIESEC SWU,KN,Local
AIESEC KOUT,KU,Local
AIESEC BISHKEK,KG,Local
AIESEC NARYN,KG,Local
AIESEC UUB,KG,Local
LAO TOP COLLEGE,LA,Local
LAO AMERICAN COLLEGE,LA,Local
AIESEC JELGAVA,LG,Local
AIESEC RIGA,LG,Local
AIESEC DAUGAVPILS,LG,Local
AIESEC VALMIERA,LG,Local
AIESEC VIDZEME,LG,Local
AIESEC VENTSPILS,LG,Local
AIESEC AUB,LE,Local
AIESEC LAU,LE,Local
AIESEC STELLA MARIS POLYTECHNIC,LI,Local
AIESEC VILNIUS ISM,LH,Local
AIESEC KLAIPEDA,LH,Local
AIESEC KAUNAS TECHNOLOGY UNIVERSITY,LH,Local
AIESEC KAUNAS,LH,Local
AIESEC SIAULIAI,LH,Local
AIESEC VILNIUS,LH,Local
UNIVERSITY OF LUXEMBOURG,LU,Local
AIESEC UPM,MY,Local
AIESEC UNIVERSITI MALAYSIA PAHANG,MY,Local
AIESEC UNIVERSITI MALAYSIA SARAWAY,MY,Local
AIESEC UUM,MY,Local
UNIVERSITI TEKNOLOGI PETRONAS,MY,Local
AIESEC USM,MY,Local
AIESEC SUNWAY UNIVERSITY,MY,Local
AIESEC UKM,MY,Local
AIESEC CURTIN UNIVERSITY SARAWAK CAMPUS,MY,Local
UNIVERSITY OF NOTTINGHAM MALAYSIA CAMPUS,MY,Local
AIESEC TAYLORS UNI,MY,Local
AIESEC UM,MY,Local
AIESEC UTM,MY,Local
AIESEC UNIVERSITY OF MALTA,MT,Local
AIESEC MCAST,MT,Local
AIESEC UNIVERSITY OF TECHNOLOGY MAURITIUS,MP,Local
AIESEC UNI OF MAURITIUS,MP,Local
AIESEC CIUDAD JUAREZ,MX,Local
AIESEC UDEM,MX,Local
AIESEC UNAM,MX,Local
AIESEC ITESM MONTERREY,MX,Local
AIESEC AGUASCALIENTES,MX,Local
AIESEC UNIVERSIDAD IBEROAMERICANA,MX,Local
AIESEC GUADALAJARA,MX,Local
AIESEC UAEMEX,MX,Local
AIESEC EBC,MX,Local
AIESEC ITAM,MX,Local
AIESEC PUEBLA,MX,Local
AIESEC SANTA FE,MX,Local
AIESEC LAGUNA,MX,Local
AIESEC UNAM,MX,Local
AIESEC QUERETARO,MX,Local
AIESEC CHIHUAHUA,MX,Local
AIESEC MERIDA-YUCATAN,MX,Local
AIESEC TORREON,MX,Local
AIESEC LEON,MX,Local
AIESEC TABASCO,MX,Local
AIESEC SINALOA,MX,Local
AIESEC UP,MX,Local
AIESEC ULSA,MX,Local
AIESEC GUANAJUATO,MX,Local
AIESEC IPN,MX,Local
AIESEC ITESM CEM,MX,Local
AIESEC EXPANSION MEXICO,MX,Local
AIESEC VERACRUZ,MX,Local
AIESEC BALTI,MD,Local
AIESEC CAHUL,MD,Local
AIESEC CHISINAU,MD,Local
NATIONAL UNIVERSITY OF MONGOLIA,MG,Local
AIESEC NUM,MG,Local
AIESEC PODGORICA,MJ,Local
Podgorica,MJ,Local
AIESEC LC MOROCCO,MO,Local
AIESEC IIHEM IN RABAT,MO,Local
AIESEC ATLAS,MO,Local
AIESEC ESIG IN CASABLANCA,MO,Local
AIESEC ANFA,MO,Local
AIESEC HECI IN RABAT,MO,Local
AIESEC ESIG IN MARRAKECH,MO,Local
AIESEC HASSAN,MO,Local
AIESEC HECI IN FES,MO,Local
AIESEC HECI IN CASABLANCA,MO,Local
AIESEC MENARA,MO,Local
AIESEC LES AMBASSADEURS,MO,Local
AIESEC HECI IN MEKNES,MO,Local
AIESEC BEIRA,MZ,Local
AIESEC MAPUTO,MZ,Local
AIESEC ISCTEM,MZ,Local
AIESEC MAPUTO,MZ,Local
AIESEC UEM,MZ,Local
AIESEC PS YANGON,BM,Local
AIESEC NUST,WA,Local
AIESEC UNIVERSITY OF NAMIBIA,WA,Local
AIESEC KATHMANDU,NP,Local
AIESEC NETHERLANDS ANTILLES LC,NL,Local
"AIESEC AUT, AUCKLAND",NZ,Local
"AIESEC OTAGO, DUNEDIN",NZ,Local
AIESEC AUCKLAND,NZ,Local
"AIESEC VICTORIA, WELLINGTON",NZ,Local
AIESEC MANAWATU PALMERSTON NORTH,NZ,Local
AIESEC MASSEY,NZ,Local
"AIESEC WAIKATO, HAMILTON",NZ,Local
"AIESEC CANTERBURY, CHRISTCHURCH",NZ,Local
AIESEC UDL,UN,Local
AIESEC LC CENTRAL,UN,Local
AIESEC IBADAN,NI,Local
AIESEC ENUGU,NI,Local
AIESEC IFE,NI,Local
AIESEC KANO,NI,Local
AIESEC ABEOKUTA,NI,Local
AIESEC CALABAR,NI,Local
AIESEC ZARIA,NI,Local
AIESEC ILORIN,NI,Local
AIESEC PORT HARCOURT,NI,Local
AIESEC LAGOS,NI,Local
AIESEC BENIN,NI,Local
AIESEC AWKA,NI,Local
AIESEC JOS,NI,Local
AIESEC NHH,NO,Local
AIESEC KRISTIANSAND,NO,Local
AIESEC STAVANGER,NO,Local
AIESEC TRONDHEIM,NO,Local
AIESEC UNIVERSITY OF OSLO,NO,Local
AIESEC UNIVERSITY OF BERGEN,NO,Local
AIESEC BI,NO,Local
AIESEC BODO,NO,Local
AIESEC NMH,NO,Local
AIESEC TROMSO,NO,Local
AIESEC OSLO BUSINESS SCHOOL,NO,Local
AIESEC BOUSHER,MU,Local
AIESEC CALEDONIAN,MU,Local
AIESEC DOWNTOWN,MU,Local
AIESEC WAHA,MU,Local
AIESEC MIRANI,MU,Local
AIESEC SOHAR,MU,Local
AIESEC MUSCAT - SQU,MU,Local
AIESEC LAHORE,PK,Local
AIESEC ISLAMABAD,PK,Local
AIESEC KARACHI,PK,Local
AIESEC IBA,PK,Local
AIESEC LATINA,PM,Local
AIESEC CHIRIQUI,PM,Local
AIESEC UTP,PM,Local
AIESEC USMA,PM,Local
AIESEC PAPUA NEW GUINEA LC,PP,Local
AIESEC ASUNCION,PA,Local
AIESEC AREQUIPA,PE,Local
AIESEC UDEP,PE,Local
AIESEC UNIVERSIDAD CATOLICA - PERU,PE,Local
AIESEC TRUJILLO,PE,Local
AIESEC LIMA,PE,Local
AIESEC RICARDO PALMA,PE,Local
AIESEC IQUITOS,PE,Local
AIESEC SAN MARCOS,PE,Local
AIESEC PIURA,PE,Local
AIESEC SAN IGNACIO DE LOYOLA,PE,Local
AIESEC PACIFICO,PE,Local
AIESEC KRAKOW,PL,Local
AIESEC OPOLE,PL,Local
AIESEC TORUN UMK,PL,Local
AIESEC GWSH,PL,Local
AIESEC GDYNIA WSM,PL,Local
AIESEC POZNAN,PL,Local
AIESEC LUBLIN UMCS,PL,Local
AIESEC RADOM,PL,Local
AIESEC WROCLAW UE,PL,Local
AIESEC KATOWICE AE,PL,Local
AIESEC KIELCE,PL,Local
AIESEC NOWY SACZ,PL,Local
AIESEC WARSZAWA PWSBIA,PL,Local
AIESEC RZESZOW,PL,Local
AIESEC ZSB,PL,Local
AIESEC WARSAW UNIVERSITIES,PL,Local
AIESEC NOWY SACZ WSB,PL,Local
AIESEC WSPIZ,PL,Local
AIESEC LODZ,PL,Local
AIESEC SOSNOWIEC,PL,Local
AIESEC GDANSK UG,PL,Local
AIESEC RZESZOW,PL,Local
AIESEC WSZIM,PL,Local
AIESEC SZCZENCIN ZSB(CLOSED),PL,Local
AIESEC WROCLAW UT,PL,Local
AIESEC SZCZECIN,PL,Local
AIESEC JELENIA GORA AE,PL,Local
AIESEC CZESTOCHOWA,PL,Local
AIESEC OLSZTYN,PL,Local
AIESEC KOSZALIN,PL,Local
AIESEC WARSZAWA SGH,PL,Local
AIESEC UNIVERSITY OF WARSAW,PL,Local
AIESEC BIELSKO-BIALA,PL,Local
AIESEC BIALYSTOK,PL,Local
AIESEC GDANSK PG,PL,Local
AIESEC LISBOA AUTONOMA,PO,Local
AIESEC ACORES,PO,Local
AIESEC PORTO CATOLICA,PO,Local
AIESEC AVEIRO,PO,Local
AIESEC LISBOA ISCTE,PO,Local
AIESEC PORTO FEP,PO,Local
AIESEC FARO UNIVERSIDADE DO ALGARVE,PO,Local
AIESEC BRAGA MINHO,PO,Local
AIESEC LISBOA NOVA,PO,Local
AIESEC LISBOA ISEG,PO,Local
AIESEC LISBOA ISG (TESTING),PO,Local
AIESEC COIMBRA NEFE,PO,Local
AIESEC COVILHA UBI,PO,Local
AIESEC VIANA DO CASTELO,PO,Local
AIESEC LISBOA CATOLICA,PO,Local
AIESEC MAYAGUEZ,RQ,Local
AIESEC SAGRADO CORAZON,RQ,Local
AIESEC POLITECNICA,RQ,Local
AIESEC RIO PIEDRAS,RQ,Local
AIESEC QATAR UNIVERSITY,QA,Local
AIESEC QATAR FOUNDATION,QA,Local
AIESEC OHRID,MK,Local
AIESEC SKOPJE,MK,Local
AIESEC PRILEP,MK,Local
AIESEC SUCEAVA,RO,Local
AIESEC ORADEA,RO,Local
AIESEC CLUJ-NAPOCA,RO,Local
AIESEC CONSTANTA,RO,Local
AIESEC BUCURESTI,RO,Local
AIESEC ARAD,RO,Local
AIESEC IASI,RO,Local
AIESEC SIBIU,RO,Local
AIESEC BRASOV,RO,Local
AIESEC TIMISOARA,RO,Local
AIESEC GALATI,RO,Local
AIESEC PITESTI,RO,Local
AIESEC CRAIOVA,RO,Local
AIESEC PLOIESTI,RO,Local
AIESEC TARGU MURES,RO,Local
AIESEC UF MGU,RS,Local
AIESEC KRASNODAR,RS,Local
AIESEC CHEBOKSARY,RS,Local
AIESEC NSTU,RS,Local
AIESEC TOMSK,RS,Local
AIESEC ENGEC-GAAP,RS,Local
AIESEC SUM,RS,Local
AIESEC PERM,RS,Local
AIESEC MUCC,RS,Local
AIESEC SAMARA,RS,Local
AIESEC KAZAN,RS,Local
AIESEC SAMARA,RS,Local
AIESEC MINSK,RS,Local
AIESEC MISA,RS,Local
AIESEC CHELYABINSK,RS,Local
AIESEC KRASNOYARSK,RS,Local
AIESEC PFUR,RS,Local
AIESEC BASHKORTOSTAN,RS,Local
AIESEC TOGLIATTI,RS,Local
AIESEC KHABAROVSK,RS,Local
AIESEC MOSCOW,RS,Local
AIESEC NINH,RS,Local
AIESEC HSE,RS,Local
AIESEC SPGTU,RS,Local
AIESEC IZHEVSK,RS,Local
AIESEC ROSTOV-ON-DON,RS,Local
AIESEC PLEKHANOV,RS,Local
AIESEC SARATOV,RS,Local
AIESEC VORONEZH,RS,Local
AIESEC UFA,RS,Local
AIESEC SSTU,RS,Local
AIESEC KALININGRAD,RS,Local
AIESEC SPUEF,RS,Local
AIESEC OMSK,RS,Local
AIESEC ERINE - EREVAN,RS,Local
AIESEC ALMATY,RS,Local
AIESEC MAI,RS,Local
AIESEC TASHKENT,RS,Local
AIESEC NABEREZHNYIE CHELNY,RS,Local
AIESEC NIZHNY NOVGOROD,RS,Local
AIESEC SPSU,RS,Local
AIESEC NSU,RS,Local
AIESEC FA,RS,Local
AIESEC KIGALI,RW,Local
AIESEC CESAG,SG,Local
AIESEC CHEIKH ANTA DIOP,SG,Local
AIESEC SAINT LOUIS,SG,Local
AIESEC CEMIS,SG,Local
AIESEC BEOGRAD BK,RI,Local
AIESEC KOTOR,RI,Local
AIESEC BANJA LUKA,RI,Local
AIESEC PODGORICA,RI,Local
AIESEC VALJEVO,RI,Local
AIESEC KRAGUJEVAC,RI,Local
AIESEC SUBOTICA,RI,Local
AIESEC BEOGRAD FON,RI,Local
AIESEC KRAGUJEVAC,RI,Local
AIESEC BBA,RI,Local
AIESEC NOVI SAD,RI,Local
AIESEC SRPSKO SARAJEVO,RI,Local
AIESEC BEOGRAD EF,RI,Local
AIESEC PRISTINA,RI,Local
AIESEC NIS,RI,Local
AIESEC NJALA UNIVERSITY COLLEGE,SL,Local
AIESEC MILTON MARGAI COLLEGE,SL,Local
AIESEC IPAM UNIVERSITY,SL,Local
AIESEC SIM,SN,Local
AIESEC NTU,SN,Local
AIESEC SMU,SN,Local
AIESEC NUS,SN,Local
AIESEC TRNAVA,LO,Local
AIESEC KOSICE,LO,Local
AIESEC POPRAD,LO,Local
AIESEC NITRA,LO,Local
AIESEC BANSKA BYSTRICA,LO,Local
AIESEC COMENIUS UNIVERSITY,LO,Local
AIESEC ZILINA,LO,Local
AIESEC BRATISLAVA,LO,Local
AIESEC KRANJ,SI,Local
AIESEC PIRAN,SI,Local
AIESEC MARIBOR,SI,Local
AIESEC LJUBLJANA,SI,Local
AIESEC OBALA,SI,Local
AIESEC NMMU,SF,Local
AIESEC UNW,SF,Local
AIESEC UFS,SF,Local
AIESEC UDW,SF,Local
AIESEC RAND AFRIKAANS UNIVERSITY,SF,Local
AIESEC UNIVERSITY OF PRETORIA,SF,Local
AIESEC PRETORIA,SF,Local
AIESEC RHODES GRAHAMSTOWN,SF,Local
AIESEC UJ,SF,Local
AIESEC TNW,SF,Local
AIESEC UNP,SF,Local
AIESEC STELLENBOSCH,SF,Local
AIESEC PIETERMARITZBURG ,SF,Local
AIESEC UNIVERSITY OF FREE STATE,SF,Local
AIESEC VISTA MAMELODI,SF,Local
AIESEC NATAL TECHNIKON,SF,Local
AIESEC TECHNIKON NORTHERN GAUTENG,SF,Local
AIESEC TWR,SF,Local
AIESEC NATAL - DURBAN,SF,Local
AIESEC UNIZUL,SF,Local
AIESEC WSU,SF,Local
AIESEC UNIQWA,SF,Local
AIESEC WITWATERSAND (WITS),SF,Local
AIESEC MANGOSUTHU TECHNIKON,SF,Local
AIESEC VISTA SOWETO,SF,Local
AIESEC RHODES UNIVERSITY EAST LONDEN,SF,Local
AIESEC UNIVERSITY OF MONASH,SF,Local
AIESEC UCT,SF,Local
AIESEC RHODES,SF,Local
AIESEC TURFLOOP,SF,Local
AIESEC PE TECHNIKON,SF,Local
AIESEC ETEA,SP,Local
AIESEC ALCALA (CLOSE),SP,Local
AIESEC LAS PALMAS,SP,Local
AIESEC ALBACETE,SP,Local
AIESEC VALENCIA,SP,Local
AIESEC BELLATERRA,SP,Local
AIESEC GRAN CANARIA,SP,Local
AIESEC INEDE,SP,Local
AIESEC DEUSTO,SP,Local
AIESEC IQS BARCELONA,SP,Local
AIESEC GRANADA,SP,Local
AIESEC SEVILLA,SP,Local
AIESEC ESTE,SP,Local
AIESEC BLANQUERNA,SP,Local
AIESEC UNIVERSIDAD DE BARCELONA,SP,Local
AIESEC MURCIA,SP,Local
AIESEC BILBAO,SP,Local
AIESEC ALICANTE,SP,Local
AIESEC IE,SP,Local
AIESEC VIGO,SP,Local
AIESEC PRINCIPADO DE ASTURIAS,SP,Local
AIESEC MALAGA,SP,Local
AIESEC A CORUNHA,SP,Local
AIESEC LEON,SP,Local
AIESEC ECONOMICAS VALENCIA,SP,Local
AIESEC SANTIAGO,SP,Local
AIESEC ESADE,SP,Local
AIESEC HUELVA,SP,Local
AIESEC NAVARRA,SP,Local
AIESEC CARTEGANA,SP,Local
AIESEC LA CORUNA,SP,Local
AIESEC ESADE BARCELONA,SP,Local
AIESEC POMPEU FABRA BARCELONA,SP,Local
AIESEC CEU,SP,Local
AIESEC COMERCIAL DEUSTO,SP,Local
AIESEC ZARAGOZA,SP,Local
AIESEC CANTOBLANCO,SP,Local
AIESEC UCM,SP,Local
AIESEC LOYOLA CORDOBA,SP,Local
AIESEC CANARIAS TENERIFE,SP,Local
AIESEC SALAMANCA,SP,Local
AIESEC CADIZ,SP,Local
AIESEC ICADE,SP,Local
AIESEC ABAT OLIBA,SP,Local
AIESEC BURGOS,SP,Local
AIESEC VALLADOLID,SP,Local
AIESEC CANTABRIA,SP,Local
AIESEC LA RIOJA,SP,Local
AIESEC MADRID,SP,Local
AIESEC CASTELLON,SP,Local
AIESEC DONOSTI,SP,Local
AIESEC COLOMBO CENTRAL,CE,Local
AIESEC JAYAWARDANAPURA,CE,Local
AIESEC COLOMBO NORTH,CE,Local
AIESEC COLOMBO SOUTH,CE,Local
AIESEC VAXJO,SW,Local
AIESEC UMEA,SW,Local
AIESEC STOCKHOLM SCHOOL OF ECONOMICS,SW,Local
AIESEC LINKOPING,SW,Local
AIESEC KARLSTAD,SW,Local
AIESEC OREBRO,SW,Local
AIESEC STOCKHOLM,SW,Local
AIESEC UPPSALA,SW,Local
AIESEC JONKOPING,SW,Local
AIESEC LUND,SW,Local
AIESEC GOTHENBURG,SW,Local
AIESEC SUNDSVALL,SW,Local
AIESEC GENEVA,SZ,Local
AIESEC LAUSANNE,SZ,Local
AIESEC FRIBOURG,SZ,Local
AIESEC WINTERTHUR,SZ,Local
AIESEC NEUCHATEL,SZ,Local
AIESEC BERN,SZ,Local
AIESEC LUGANO,SZ,Local
AIESEC BASEL,SZ,Local
AIESEC ZURICH,SZ,Local
AIESEC ST GALLEN,SZ,Local
AIESEC TAIWAN NCKU,TW,Local
AIESEC TAIWAN NTU,TW,Local
AIESEC TSING-HUA UNIVERSITY,TW,Local
AIESEC TAIWAN NTPU,TW,Local
AIESEC TAIWAN NSYSU,TW,Local
AIESEC DA-YEH,TW,Local
AIESEC TAM-KANG UNIVERSITY,TW,Local
AIESEC TAIWAN NDHU,TW,Local
AIESEC TAIWAN NTHU,TW,Local
AIESEC TAIWAN SCU,TW,Local
AIESEC TAIWAN NCCU,TW,Local
AIESEC TAIWAN THU,TW,Local
AIESEC CHINESE CULTURE UNIVERSITY,TW,Local
AIESEC TAIWAN FJU,TW,Local
AIESEC TAIWAN PCCU,TW,Local
AIESEC TAIWAN YZU,TW,Local
AIESEC TANG TUNG,TW,Local
AIESEC CHIAO-TUNG UNIVERSITY,TW,Local
AIESEC TAIWAN MCU,TW,Local
AIESEC TAIWAN WZU,TW,Local
AIESEC TAIWAN NCTU,TW,Local
AIESEC DUSHANBE,TI,Local
AIESEC IFM,TZ,Local
AIESEC SAUT,TZ,Local
AIESEC MZUMBE,TZ,Local
AIESEC KILIMANJARO,TZ,Local
AIESEC UDOM,TZ,Local
AIESEC UNIVERSITY OF DAR ES SALAAM,TZ,Local
AIESEC THAI-NICHI INSTITUTE OF TECHNOLOGY,TH,Local
AIESEC KUPLERAJ,TH,Local
AIESEC KASETSART UNIV.,TH,Local
AIESEC UNIVERSITY OF THE THAI CHAMBER OF COMMERCE,TH,Local
AIESEC CHULALONGKORN UNIVERSITY,TH,Local
AIESEC MAHIDOL UNIVERSITY INTERNATIONAL COLLEGE,TH,Local
AIESEC THAMMASAT UNIVERSITY,TH,Local
AIESEC OFFICIAL EXPANSION,TH,Local
AIESEC UTCC,TH,Local
AIESEC BANGKOK UNIVERSITY,TH,Local
AIESEC ASSUMPTION UNIVERSITY,TH,Local
AIESEC RAMKHAMHAENG,TH,Local
AIESEC THAMMASAT,TH,Local
AIESEC CHIENGMAI UNIVERSITY,TH,Local
AIESEC ASSUMPTION UNIVERSITY,TH,Local
AIESEC CHULALONGKORN UNIVERSITY,TH,Local
AIESEC KRU,TH,Local
AIESEC NIJMEGEN,NL,Local
AIESEC NIJENRODE,NL,Local
AIESEC DELFT,NL,Local
AIESEC GRONINGEN,NL,Local
AIESEC TWENTE,NL,Local
AIESEC WAGENINGEN,NL,Local
AIESEC NIJENRODE,NL,Local
AIESEC ROTTERDAM,NL,Local
AIESEC UTRECHT,NL,Local
AIESEC MAASTRICHT,NL,Local
AIESEC AMSTERDAM,NL,Local
AIESEC LEIDEN,NL,Local
AIESEC TILBURG,NL,Local
AIESEC MIRIAM COLLEGE,RP,Local
AIESEC DE LA SALLE UNIVERSITY,RP,Local
AIESEC ATENEO DE DAVAO,RP,Local
AIESEC ATENEO DE MANILA UNIVERSITY,RP,Local
AIESEC SILLIMAN UNIVERSITY,RP,Local
AIESEC UNIVERSITY OF THE PHILIPPINES - CEBU,RP,Local
AIESEC USC,RP,Local
AIESEC UNIVERSITY OF THE PHILIPPINES DILIMAN,RP,Local
AIESEC DAVAO,RP,Local
AIESEC ASSUMPTION COLLEGE,RP,Local
AIESEC MIRIAM COLLEGE,RP,Local
AIESEC ST. SCHOLASTICAS COLLEGE,RP,Local
AIESEC UNIVERSITY OF SANTO TOMAS,RP,Local
AIESEC DAVAO,RP,Local
AIESEC XAVIER UNIVERSITY,RP,Local
AIESEC UNIVERSITY OF SAN AGUSTIN,RP,Local
AIESEC CEBU,RP,Local
AIESEC UNIVERSITY OF ASIA & THE PACIFIC,RP,Local
AIESEC UNIVERSITE DE KARA,TO,Local
AIESEC UL,TO,Local
AIESEC BENIN,TO,Local
AIESEC JVSTINIA,TS,Local
AIESEC SFAX,TS,Local
AIESEC BARDO,TS,Local
AIESEC NABEL,TS,Local
AIESEC HADRUMET,TS,Local
AIESEC CARTHAGE,TS,Local
AIESEC THYNA,TS,Local
AIESEC UNIVERSITY,TS,Local
AIESEC BIZERTE,TS,Local
AIESEC MEDINA,TS,Local
AIESEC ULT,TS,Local
AIESEC DENIZLI,TU,Local
AIESEC BURSA,TU,Local
AIESEC ANTALYA,TU,Local
AIESEC ANTALYA,TU,Local
AIESEC KOCAELI,TU,Local
AIESEC KAYSERI,TU,Local
AIESEC GAZIANTEP,TU,Local
AIESEC EASTERN MEDITERRANEAN,TU,Local
AIESEC ANKARA,TU,Local
AIESEC IZMIR,TU,Local
AIESEC ISTANBUL,TU,Local
AIESEC ESKISEHIR,TU,Local
AIESEC ADANA,TU,Local
AIESEC KYAMBOGO,UG,Local
AIESEC NDEJJE,UG,Local
AIESEC UCU,UG,Local
AIESEC MUBS,UG,Local
AIESEC MAKERERE UNIVERSITY,UG,Local
AIESEC SEVASTOPOL,UP,Local
AIESEC IVANO-FRANKIVSK,UP,Local
AIESEC VINNICA,UP,Local
AIESEC TERNOPIL,UP,Local
AIESEC SIMFEROPOL,UP,Local
AIESEC CHERKASY,UP,Local
AIESEC BERDYANSK,UP,Local
AIESEC DNIPROPETROVSK,UP,Local
AIESEC MYKOLAIV,UP,Local
AIESEC ODESSA,UP,Local
AIESEC SUMY,UP,Local
AIESEC KHMELNYTSKY,UP,Local
AIESEC KHARKIV,UP,Local
AIESEC LVIV,UP,Local
AIESEC LUGANSK,UP,Local
AIESEC DONETSK,UP,Local
AIESEC CHERNIVTSI,UP,Local
AIESEC ZAPORIZHZHYA,UP,Local
AIESEC KYIV,UP,Local
AIESEC RIVNE,UP,Local
AIESEC MARIUPOL,UP,Local
AIESEC UZHGOROD,UP,Local
AIESEC KRYVYI RIH,UP,Local
AIESEC DUBAI,AE,Local
AIESEC ULSTER,UK,Local
AIESEC ST ANDREWS,UK,Local
AIESEC BELFAST,UK,Local
AIESEC HULL,UK,Local
AIESEC OXFORD,UK,Local
AIESEC EXETER,UK,Local
AIESEC LOUGHBOROUGH,UK,Local
AIESEC KENT(CLOSED),UK,Local
AIESEC MANCHESTER,UK,Local
AIESEC ASTON,UK,Local
AIESEC PORTSMOUTH,UK,Local
AIESEC WARWICK,UK,Local
AIESEC DURHAM,UK,Local
AIESEC LIVERPOOL,UK,Local
AIESEC NOTTINGHAM,UK,Local
AIESEC CARDIFF,UK,Local
AIESEC SOUTHAMPTON,UK,Local
AIESEC BATH,UK,Local
AIESEC CENTRAL LANCASHIRE,UK,Local
AIESEC SHEFFIELD,UK,Local
AIESEC BRISTOL,UK,Local
AIESEC UNIVERSITY OF EAST ANGLIA - UEA,UK,Local
AIESEC STRATHCLYDE,UK,Local
AIESEC BIRMINGHAM,UK,Local
"AIESEC UEA, NORWICH",UK,Local
AIESEC STIRLING,UK,Local
AIESEC UCL-SOAS,UK,Local
AIESEC LEEDS,UK,Local
AIESEC BOURNEMOUTH,UK,Local
AIESEC LSE,UK,Local
AIESEC READING,UK,Local
AIESEC CITY,UK,Local
AIESEC NEWCASTLE,UK,Local
AIESEC EDINBURGH,UK,Local
AIESEC IMPERIAL,UK,Local
AIESEC ABERDEEN,UK,Local
AIESEC CAMBRIDGE,UK,Local
AIESEC LIVERPOOL,UK,Local
AIESEC ST.JOHN'S,US,Local
AIESEC STANFORD,US,Local
AIESEC WAYNE STATE,US,Local
AIESEC DARTMOUTH,US,Local
AIESEC RIDER,US,Local
AIESEC VANDERBILT,US,Local
AIESEC CENTRAL STATE,US,Local
AIESEC STETSON,US,Local
AIESEC EMORY,US,Local
AIESEC TOLEDO,US,Local
AIESEC BRIGHAM YOUNG,US,Local
AIESEC TEXAS A&M,US,Local
AIESEC WASHINGTON DC,US,Local
AIESEC QUINNIPIAC,US,Local
AIESEC OHIO STATE,US,Local
AIESEC TEXAS A&M,US,Local
AIESEC UNI OF SOUTHERN ALABAMA,US,Local
AIESEC INDIANA,US,Local
AIESEC BIRMINGHAM (US),US,Local
AIESEC ARLINGTON,US,Local
AIESEC OKLAHOMA STATE,US,Local
AIESEC SEATTLE,US,Local
AIESEC PUGET SOUND,US,Local
AIESEC AMHERST,US,Local
AIESEC MILLS,US,Local
AIESEC CHAPEL HILL,US,Local
AIESEC DALLAS,US,Local
AIESEC NOTRE DAME,US,Local
AIESEC TUFTS,US,Local
AIESEC MIT,US,Local
AIESEC EAU CLAIRE,US,Local
AIESEC NORTH CAROLINA,US,Local
AIESEC TRINITY COLLEGE,US,Local
AIESEC MARQUETTE,US,Local
AIESEC COLUMBIA,US,Local
AIESEC LOYOLA - CHICAGO,US,Local
AIESEC NORTHERN ILLINOIS,US,Local
AIESEC DAVIS,US,Local
AIESEC UMSL,US,Local
AIESEC YALE,US,Local
AIESEC LEHIGH,US,Local
AIESEC CINCINNATI,US,Local
AIESEC HAWAII,US,Local
AIESEC SAN FRAN,US,Local
AIESEC HUNTINGDON,US,Local
AIESEC CORNELL,US,Local
AIESEC BOSTON,US,Local
AIESEC PURDUE,US,Local
AIESEC UNIVERSITY OF ARIZONA,US,Local
AIESEC APPALACHIAN,US,Local
AIESEC SAN JOSE,US,Local
AIESEC WILLIAMS,US,Local
AIESEC HARVARD,US,Local
AIESEC MIAMI,US,Local
AIESEC THUNDERBIRD,US,Local
AIESEC WESLEYAN,US,Local
AIESEC DUQUESNE,US,Local
AIESEC SOUTHERN METHODIST UNIVERSITY,US,Local
AIESEC UCLA,US,Local
AIESEC PENNSYLVANIA,US,Local
AIESEC DUKE,US,Local
AIESEC FLORIDA,US,Local
AIESEC HOUSTON,US,Local
AIESEC VA. COMMONWEALTH,US,Local
AIESEC HOLBY CROSS,US,Local
AIESEC RICE,US,Local
AIESEC ILLINOIS,US,Local
AIESEC UPSALA,US,Local
AIESEC WESTERN RESERVE,US,Local
AIESEC ARIZONA STATE,US,Local
AIESEC TENNESSEE,US,Local
AIESEC CHICAGO,US,Local
AIESEC BRADLEY,US,Local
AIESEC SAN DIEGO,US,Local
AIESEC GEORGIA TECH.,US,Local
AIESEC PRINCETON,US,Local
AIESEC WICHITA STATE,US,Local
AIESEC UNI OF SOUTH FLORIDA,US,Local
AIESEC BAYLOR,US,Local
AIESEC LONG BEACH,US,Local
AIESEC SVSU,US,Local
AIESEC NORTH CENTRAL,US,Local
AIESEC PORTLAND,US,Local
AIESEC AMERICAN UNIVERSITY,US,Local
AIESEC SAN LUIS OBISPO,US,Local
AIESEC MICHIGAN,US,Local
AIESEC METROPOLITAN STATE,US,Local
AIESEC HUNTER COLLEGE,US,Local
AIESEC COLORADO STATE,US,Local
AIESEC NABRASKA,US,Local
AIESEC ALABAMA,US,Local
AIESEC NORTH TEXAS STATE,US,Local
AIESEC GEORGETOWN,US,Local
AIESEC SMITH,US,Local
AIESEC ROCHESTER,US,Local
AIESEC MANKATO,US,Local
AIESEC RHODE ISLAND,US,Local
AIESEC QATAR,US,Local
AIESEC BERKELEY,US,Local
AIESEC NEW ORLEANS,US,Local
AIESEC COLORADO,US,Local
AIESEC LONG ISLAND,US,Local
AIESEC MISSOURI,US,Local
AIESEC MICHIGAN STATE,US,Local
AIESEC IOWA,US,Local
AIESEC LOUISIANA STATE,US,Local
AIESEC KENT STATE,US,Local
AIESEC LAKE ERIE COLLEGE,US,Local
AIESEC NYU,US,Local
AIESEC DENVER,US,Local
AIESEC HOWARD,US,Local
AIESEC ST CLOUD,US,Local
AIESEC MIAMI FLORIDA,US,Local
AIESEC FULLERTON,US,Local
AIESEC TULANE,US,Local
AIESEC GEORGIA (UGA),US,Local
AIESEC GREEN BAY,US,Local
AIESEC BAY AREA,US,Local
AIESEC WILLAMETTE,US,Local
AIESEC GOUCHER,US,Local
AIESEC SYRACUSE,US,Local
AIESEC NEW YORK CITY,US,Local
AIESEC WELLESLEY,US,Local
AIESEC DOUGLAS,US,Local
AIESEC SETHON HALL,US,Local
AIESEC VASSAR,US,Local
AIESEC St Louis,US,Local
AIESEC COLBY,US,Local
AIESEC BALL STATE,US,Local
AIESEC OREGON,US,Local
AIESEC MINNESOTA,US,Local
AIESEC UTAH,US,Local
AIESEC PITTSBURGH,US,Local
AIESEC CARNEGIE MELLON,US,Local
AIESEC DEPAUL,US,Local
AIESEC NEW HAMPSHIRE,US,Local
AIESEC RADCLIFFE,US,Local
AIESEC UNI OF SOUTHERN CALIFORNIA,US,Local
AIESEC BOWDOIN,US,Local
AIESEC NORTHWESTERN,US,Local
AIESEC OLD DOMINION,US,Local
AIESEC REDLANDS,US,Local
AIESEC BARNARD,US,Local
AIESEC SANTA BARBARA,US,Local
AIESEC GEORGIA STATE,US,Local
AIESEC BUFFALO,US,Local
AIESEC NEW YORK UNIVERSITY,US,Local
AIESEC MINNEAPOLIS,US,Local
AIESEC PACIFIC,US,Local
AIESEC RUTGERS,US,Local
AIESEC BENTLEY,US,Local
AIESEC MADISON,US,Local
AIESEC MEMPHIS,US,Local
AIESEC MILWAUKEE,US,Local
AIESEC PEMBROKE,US,Local
AIESEC AUSTIN,US,Local
AIESEC LOYOLA - NEW ORLEANS,US,Local
AIESEC BAHRAIN,US,Local
AIESEC NEW MEXICO,US,Local
AIESEC VIRGINIA,US,Local
AIESEC LEMOYNE - OWEN,US,Local
AIESEC HOFSTRA,US,Local
AIESEC PACE,US,Local
AIESEC CHICAGO CIRCLE,US,Local
AIESEC JOHNS HOPKINS,US,Local
AIESEC BENEDICTINE,US,Local
AIESEC MARYLAND,US,Local
AIESEC DELAWARE,US,Local
AIESEC AT NORTH CAROLINA,US,Local
AIESEC HAVERFORD,US,Local
AIESEC TRUMAN,US,Local
AIESEC KANSAS,US,Local
AIESEC GEORGE WASHINGTON UNIVERSITY,US,Local
AIESEC WHITWORTH,US,Local
AIESEC FLORIDA STATE,US,Local
AIESEC TACOMA,US,Local
AIESEC MVD,UY,Local
AIESEC MONTEVIDEO,UY,Local
AIESEC UCUDAL,UY,Local
AIESEC TASHKENT,UZ,Local
AIESEC UCV,VE,Local
AIESEC UCAB,VE,Local
AIESEC LUZ,VE,Local
AIESEC UNITEC,VE,Local
AIESEC BARQUISIMETO,VE,Local
AIESEC GUAYANA,VE,Local
AIESEC MARACAIBO,VE,Local
AIESEC UC,VE,Local
AIESEC UNIMET,VE,Local
AIESEC MERIDA,VE,Local
AIESEC USB,VE,Local
AIESEC HANOI,VM,Local
AIESEC DANANG,VM,Local
AIESEC FTU HCM,VM,Local
AIESEC HO CHI MINH CITY,VM,Local
AIESEC FTU HN,VM,Local
AIESEC RMIT,VM,Local
AIESEC AFRICA UNIVERSITY,ZI,Local
AIESEC GWERU TECHNICAL COLLEGE,ZI,Local
AIESEC MUTARE TECHNICAL COLLEGE,ZI,Local
AIESEC BULAWAYO POLYTECHNICAL COLLEGE,ZI,Local
AIESEC UNIVERSITY OF ZIMBABWE,ZI,Local